2025-11-06 14:46:04 | smartagri_server.app | INFO | <module>:33 | ============================================================
2025-11-06 14:46:04 | smartagri_server.app | INFO | <module>:34 | SmartAgri Server Starting...
2025-11-06 14:46:04 | smartagri_server.app | INFO | <module>:35 | GROQ_API_KEY configured: True
2025-11-06 14:46:04 | smartagri_server.app | INFO | <module>:36 | WEATHER_API_KEY configured: True
2025-11-06 14:46:04 | smartagri_server.app | INFO | <module>:37 | ELEVEN_API_KEY configured: True
2025-11-06 14:46:04 | smartagri_server.app | INFO | <module>:38 | KINDWISE_API_KEY configured: True
2025-11-06 14:46:04 | smartagri_server.app | INFO | <module>:39 | ============================================================
2025-11-06 14:46:06 | smartagri_server.app | INFO | <module>:33 | ============================================================
2025-11-06 14:46:06 | smartagri_server.app | INFO | <module>:34 | SmartAgri Server Starting...
2025-11-06 14:46:06 | smartagri_server.app | INFO | <module>:35 | GROQ_API_KEY configured: True
2025-11-06 14:46:06 | smartagri_server.app | INFO | <module>:36 | WEATHER_API_KEY configured: True
2025-11-06 14:46:06 | smartagri_server.app | INFO | <module>:37 | ELEVEN_API_KEY configured: True
2025-11-06 14:46:06 | smartagri_server.app | INFO | <module>:38 | KINDWISE_API_KEY configured: True
2025-11-06 14:46:06 | smartagri_server.app | INFO | <module>:39 | ============================================================
2025-11-06 14:50:58 | smartagri_server.app | INFO | <module>:39 | ============================================================
2025-11-06 14:50:58 | smartagri_server.app | INFO | <module>:40 | SmartAgri Server Starting...
2025-11-06 14:50:58 | smartagri_server.app | INFO | <module>:41 | GROQ_API_KEY configured: True
2025-11-06 14:50:58 | smartagri_server.app | INFO | <module>:42 | WEATHER_API_KEY configured: True
2025-11-06 14:50:58 | smartagri_server.app | INFO | <module>:43 | ELEVEN_API_KEY configured: True
2025-11-06 14:50:58 | smartagri_server.app | INFO | <module>:44 | KINDWISE_API_KEY configured: True
2025-11-06 14:50:58 | smartagri_server.app | INFO | <module>:45 | ============================================================
2025-11-06 14:59:58 | smartagri_server.app | INFO | <module>:39 | ============================================================
2025-11-06 14:59:58 | smartagri_server.app | INFO | <module>:40 | SmartAgri Server Starting...
2025-11-06 14:59:58 | smartagri_server.app | INFO | <module>:41 | GROQ_API_KEY configured: True
2025-11-06 14:59:58 | smartagri_server.app | INFO | <module>:42 | WEATHER_API_KEY configured: True
2025-11-06 14:59:58 | smartagri_server.app | INFO | <module>:43 | ELEVEN_API_KEY configured: True
2025-11-06 14:59:58 | smartagri_server.app | INFO | <module>:44 | KINDWISE_API_KEY configured: True
2025-11-06 14:59:58 | smartagri_server.app | INFO | <module>:45 | ============================================================
2025-11-06 15:00:00 | smartagri_server.app | INFO | <module>:50 | Crop recommendation model loaded successfully
2025-11-06 15:00:00 | smartagri_server.app | INFO | <module>:58 | Groq client initialized successfully
2025-11-06 15:00:00 | smartagri_server.app | INFO | <module>:686 | SmartAgri Server starting on http://0.0.0.0:5000
2025-11-06 15:03:52 | smartagri_server.app | INFO | <module>:39 | ============================================================
2025-11-06 15:03:52 | smartagri_server.app | INFO | <module>:40 | SmartAgri Server Starting...
2025-11-06 15:03:52 | smartagri_server.app | INFO | <module>:41 | GROQ_API_KEY configured: True
2025-11-06 15:03:52 | smartagri_server.app | INFO | <module>:42 | WEATHER_API_KEY configured: True
2025-11-06 15:03:52 | smartagri_server.app | INFO | <module>:43 | ELEVEN_API_KEY configured: True
2025-11-06 15:03:52 | smartagri_server.app | INFO | <module>:44 | KINDWISE_API_KEY configured: True
2025-11-06 15:03:52 | smartagri_server.app | INFO | <module>:45 | ============================================================
2025-11-06 15:03:54 | smartagri_server.app | INFO | <module>:50 | Crop recommendation model loaded successfully
2025-11-06 15:03:55 | smartagri_server.app | INFO | <module>:58 | Groq client initialized successfully
2025-11-06 15:03:55 | smartagri_server.app | INFO | <module>:686 | SmartAgri Server starting on http://0.0.0.0:5000
2025-11-06 15:03:56 | smartagri_server.app | INFO | <module>:39 | ============================================================
2025-11-06 15:03:56 | smartagri_server.app | INFO | <module>:40 | SmartAgri Server Starting...
2025-11-06 15:03:56 | smartagri_server.app | INFO | <module>:41 | GROQ_API_KEY configured: True
2025-11-06 15:03:56 | smartagri_server.app | INFO | <module>:42 | WEATHER_API_KEY configured: True
2025-11-06 15:03:56 | smartagri_server.app | INFO | <module>:43 | ELEVEN_API_KEY configured: True
2025-11-06 15:03:56 | smartagri_server.app | INFO | <module>:44 | KINDWISE_API_KEY configured: True
2025-11-06 15:03:56 | smartagri_server.app | INFO | <module>:45 | ============================================================
2025-11-06 15:03:57 | smartagri_server.app | INFO | <module>:50 | Crop recommendation model loaded successfully
2025-11-06 15:03:57 | smartagri_server.app | INFO | <module>:58 | Groq client initialized successfully
2025-11-06 15:03:57 | smartagri_server.app | INFO | <module>:686 | SmartAgri Server starting on http://0.0.0.0:5000
2025-11-06 15:22:43 | smartagri_server.app | INFO | <module>:39 | ============================================================
2025-11-06 15:22:43 | smartagri_server.app | INFO | <module>:40 | SmartAgri Server Starting...
2025-11-06 15:22:43 | smartagri_server.app | INFO | <module>:41 | GROQ_API_KEY configured: True
2025-11-06 15:22:43 | smartagri_server.app | INFO | <module>:42 | WEATHER_API_KEY configured: True
2025-11-06 15:22:43 | smartagri_server.app | INFO | <module>:43 | ELEVEN_API_KEY configured: True
2025-11-06 15:22:43 | smartagri_server.app | INFO | <module>:44 | KINDWISE_API_KEY configured: True
2025-11-06 15:22:43 | smartagri_server.app | INFO | <module>:45 | ============================================================
2025-11-06 15:22:45 | smartagri_server.app | INFO | <module>:50 | Crop recommendation model loaded successfully
2025-11-06 15:22:45 | smartagri_server.app | INFO | <module>:58 | Groq client initialized successfully
2025-11-06 15:22:45 | smartagri_server.app | INFO | <module>:686 | SmartAgri Server starting on http://0.0.0.0:5000
2025-11-06 15:22:46 | smartagri_server.app | INFO | <module>:39 | ============================================================
2025-11-06 15:22:46 | smartagri_server.app | INFO | <module>:40 | SmartAgri Server Starting...
2025-11-06 15:22:46 | smartagri_server.app | INFO | <module>:41 | GROQ_API_KEY configured: True
2025-11-06 15:22:46 | smartagri_server.app | INFO | <module>:42 | WEATHER_API_KEY configured: True
2025-11-06 15:22:46 | smartagri_server.app | INFO | <module>:43 | ELEVEN_API_KEY configured: True
2025-11-06 15:22:46 | smartagri_server.app | INFO | <module>:44 | KINDWISE_API_KEY configured: True
2025-11-06 15:22:46 | smartagri_server.app | INFO | <module>:45 | ============================================================
2025-11-06 15:22:48 | smartagri_server.app | INFO | <module>:50 | Crop recommendation model loaded successfully
2025-11-06 15:22:48 | smartagri_server.app | INFO | <module>:58 | Groq client initialized successfully
2025-11-06 15:22:48 | smartagri_server.app | INFO | <module>:686 | SmartAgri Server starting on http://0.0.0.0:5000
2025-11-06 15:23:32 | smartagri_server.app | INFO | <module>:39 | ============================================================
2025-11-06 15:23:32 | smartagri_server.app | INFO | <module>:40 | SmartAgri Server Starting...
2025-11-06 15:23:32 | smartagri_server.app | INFO | <module>:41 | GROQ_API_KEY configured: True
2025-11-06 15:23:32 | smartagri_server.app | INFO | <module>:42 | WEATHER_API_KEY configured: True
2025-11-06 15:23:32 | smartagri_server.app | INFO | <module>:43 | ELEVEN_API_KEY configured: True
2025-11-06 15:23:32 | smartagri_server.app | INFO | <module>:44 | KINDWISE_API_KEY configured: True
2025-11-06 15:23:32 | smartagri_server.app | INFO | <module>:45 | ============================================================
2025-11-06 15:23:33 | smartagri_server.app | INFO | <module>:50 | Crop recommendation model loaded successfully
2025-11-06 15:23:34 | smartagri_server.app | INFO | <module>:58 | Groq client initialized successfully
2025-11-06 15:23:34 | smartagri_server.app | INFO | <module>:686 | SmartAgri Server starting on http://0.0.0.0:5000
2025-11-06 15:25:49 | smartagri_server.app | INFO | <module>:39 | ============================================================
2025-11-06 15:25:49 | smartagri_server.app | INFO | <module>:40 | SmartAgri Server Starting...
2025-11-06 15:25:49 | smartagri_server.app | INFO | <module>:41 | GROQ_API_KEY configured: True
2025-11-06 15:25:49 | smartagri_server.app | INFO | <module>:42 | WEATHER_API_KEY configured: True
2025-11-06 15:25:49 | smartagri_server.app | INFO | <module>:43 | ELEVEN_API_KEY configured: True
2025-11-06 15:25:49 | smartagri_server.app | INFO | <module>:44 | KINDWISE_API_KEY configured: True
2025-11-06 15:25:49 | smartagri_server.app | INFO | <module>:45 | ============================================================
2025-11-06 15:25:51 | smartagri_server.app | INFO | <module>:50 | Crop recommendation model loaded successfully
2025-11-06 15:25:52 | smartagri_server.app | INFO | <module>:58 | Groq client initialized successfully
2025-11-06 15:25:52 | smartagri_server.app | INFO | <module>:686 | SmartAgri Server starting on http://0.0.0.0:5000
2025-11-06 15:37:55 | smartagri_server.app | INFO | <module>:39 | ============================================================
2025-11-06 15:37:55 | smartagri_server.app | INFO | <module>:40 | SmartAgri Server Starting...
2025-11-06 15:37:55 | smartagri_server.app | INFO | <module>:41 | GROQ_API_KEY configured: True
2025-11-06 15:37:55 | smartagri_server.app | INFO | <module>:42 | WEATHER_API_KEY configured: True
2025-11-06 15:37:55 | smartagri_server.app | INFO | <module>:43 | ELEVEN_API_KEY configured: True
2025-11-06 15:37:55 | smartagri_server.app | INFO | <module>:44 | KINDWISE_API_KEY configured: True
2025-11-06 15:37:55 | smartagri_server.app | INFO | <module>:45 | ============================================================
2025-11-06 15:37:57 | smartagri_server.app | INFO | <module>:50 | Crop recommendation model loaded successfully
2025-11-06 15:37:58 | smartagri_server.app | INFO | <module>:58 | Groq client initialized successfully
2025-11-06 15:37:58 | smartagri_server.app | INFO | <module>:686 | SmartAgri Server starting on http://0.0.0.0:5000
2025-11-06 15:37:59 | smartagri_server.app | INFO | <module>:39 | ============================================================
2025-11-06 15:37:59 | smartagri_server.app | INFO | <module>:40 | SmartAgri Server Starting...
2025-11-06 15:37:59 | smartagri_server.app | INFO | <module>:41 | GROQ_API_KEY configured: True
2025-11-06 15:37:59 | smartagri_server.app | INFO | <module>:42 | WEATHER_API_KEY configured: True
2025-11-06 15:37:59 | smartagri_server.app | INFO | <module>:43 | ELEVEN_API_KEY configured: True
2025-11-06 15:37:59 | smartagri_server.app | INFO | <module>:44 | KINDWISE_API_KEY configured: True
2025-11-06 15:37:59 | smartagri_server.app | INFO | <module>:45 | ============================================================
2025-11-06 15:38:00 | smartagri_server.app | INFO | <module>:50 | Crop recommendation model loaded successfully
2025-11-06 15:38:01 | smartagri_server.app | INFO | <module>:58 | Groq client initialized successfully
2025-11-06 15:38:01 | smartagri_server.app | INFO | <module>:686 | SmartAgri Server starting on http://0.0.0.0:5000
2025-11-06 15:38:59 | smartagri.app | INFO | wrapper:135 | [20251106153859547239] /api/recommend_crop - Request received
2025-11-06 15:38:59 | smartagri_server.app | INFO | recommend_crop:308 | Crop recommendation request for data: {'N': 90, 'P': 42, 'K': 43, 'temperature': 20, 'humidity': 82, 'ph': 7, 'rainfall': 200}
2025-11-06 15:38:59 | smartagri_server.app | INFO | recommend_crop:345 | Crop recommendation successful: rice
2025-11-06 15:38:59 | smartagri.app | INFO | wrapper:152 | [20251106153859547239] /api/recommend_crop - Completed in 35.2ms
2025-11-06 15:39:02 | smartagri_server.app | INFO | <module>:39 | ============================================================
2025-11-06 15:39:02 | smartagri_server.app | INFO | <module>:40 | SmartAgri Server Starting...
2025-11-06 15:39:02 | smartagri_server.app | INFO | <module>:41 | GROQ_API_KEY configured: True
2025-11-06 15:39:02 | smartagri_server.app | INFO | <module>:42 | WEATHER_API_KEY configured: True
2025-11-06 15:39:02 | smartagri_server.app | INFO | <module>:43 | ELEVEN_API_KEY configured: True
2025-11-06 15:39:02 | smartagri_server.app | INFO | <module>:44 | KINDWISE_API_KEY configured: True
2025-11-06 15:39:02 | smartagri_server.app | INFO | <module>:45 | ============================================================
2025-11-06 15:39:05 | smartagri_server.app | INFO | <module>:50 | Crop recommendation model loaded successfully
2025-11-06 15:39:06 | smartagri_server.app | INFO | <module>:58 | Groq client initialized successfully
2025-11-06 15:39:06 | smartagri_server.app | INFO | <module>:686 | SmartAgri Server starting on http://0.0.0.0:5000
2025-11-06 15:39:43 | smartagri.app | INFO | wrapper:135 | [20251106153943203988] /api/recommend_crop - Request received
2025-11-06 15:39:43 | smartagri_server.app | INFO | recommend_crop:308 | Crop recommendation request for data: {'N': 90, 'P': 42, 'K': 43, 'temperature': 20, 'humidity': 82, 'ph': 7, 'rainfall': 200}
2025-11-06 15:39:43 | smartagri_server.app | INFO | recommend_crop:345 | Crop recommendation successful: rice
2025-11-06 15:39:43 | smartagri.app | INFO | wrapper:152 | [20251106153943203988] /api/recommend_crop - Completed in 27.18ms
2025-11-06 15:56:50 | smartagri_server.app | INFO | <module>:39 | ============================================================
2025-11-06 15:56:50 | smartagri_server.app | INFO | <module>:40 | SmartAgri Server Starting...
2025-11-06 15:56:50 | smartagri_server.app | INFO | <module>:41 | GROQ_API_KEY configured: True
2025-11-06 15:56:50 | smartagri_server.app | INFO | <module>:42 | WEATHER_API_KEY configured: True
2025-11-06 15:56:50 | smartagri_server.app | INFO | <module>:43 | ELEVEN_API_KEY configured: True
2025-11-06 15:56:50 | smartagri_server.app | INFO | <module>:44 | KINDWISE_API_KEY configured: True
2025-11-06 15:56:50 | smartagri_server.app | INFO | <module>:45 | ============================================================
2025-11-06 15:56:51 | smartagri_server.app | INFO | <module>:50 | Crop recommendation model loaded successfully
2025-11-06 15:56:52 | smartagri_server.app | INFO | <module>:58 | Groq client initialized successfully
2025-11-06 15:56:52 | smartagri_server.app | INFO | <module>:686 | SmartAgri Server starting on http://0.0.0.0:5000
2025-11-06 16:07:08 | smartagri.app | INFO | wrapper:135 | [20251106160708799550] /api/recommend_crop - Request received
2025-11-06 16:07:08 | smartagri_server.app | INFO | recommend_crop:308 | Crop recommendation request for data: {'N': 90, 'P': 42, 'K': 43, 'temperature': 21, 'humidity': 82, 'ph': 7, 'rainfall': 200}
2025-11-06 16:07:08 | smartagri_server.app | INFO | recommend_crop:345 | Crop recommendation successful: rice
2025-11-06 16:07:08 | smartagri.app | INFO | wrapper:152 | [20251106160708799550] /api/recommend_crop - Completed in 14.07ms
2025-11-06 16:17:59 | smartagri_server.app | INFO | <module>:39 | ============================================================
2025-11-06 16:17:59 | smartagri_server.app | INFO | <module>:40 | SmartAgri Server Starting...
2025-11-06 16:17:59 | smartagri_server.app | INFO | <module>:41 | GROQ_API_KEY configured: True
2025-11-06 16:17:59 | smartagri_server.app | INFO | <module>:42 | WEATHER_API_KEY configured: True
2025-11-06 16:17:59 | smartagri_server.app | INFO | <module>:43 | ELEVEN_API_KEY configured: True
2025-11-06 16:17:59 | smartagri_server.app | INFO | <module>:44 | KINDWISE_API_KEY configured: True
2025-11-06 16:17:59 | smartagri_server.app | INFO | <module>:45 | ============================================================
2025-11-06 16:18:00 | smartagri_server.app | INFO | <module>:50 | Crop recommendation model loaded successfully
2025-11-06 16:18:01 | smartagri_server.app | INFO | <module>:58 | Groq client initialized successfully
2025-11-06 16:18:01 | smartagri_server.app | INFO | <module>:686 | SmartAgri Server starting on http://0.0.0.0:5000
2025-11-06 16:18:44 | smartagri_server.app | INFO | <module>:39 | ============================================================
2025-11-06 16:18:44 | smartagri_server.app | INFO | <module>:40 | SmartAgri Server Starting...
2025-11-06 16:18:44 | smartagri_server.app | INFO | <module>:41 | GROQ_API_KEY configured: True
2025-11-06 16:18:44 | smartagri_server.app | INFO | <module>:42 | WEATHER_API_KEY configured: True
2025-11-06 16:18:44 | smartagri_server.app | INFO | <module>:43 | ELEVEN_API_KEY configured: True
2025-11-06 16:18:44 | smartagri_server.app | INFO | <module>:44 | KINDWISE_API_KEY configured: True
2025-11-06 16:18:44 | smartagri_server.app | INFO | <module>:45 | ============================================================
2025-11-06 16:18:44 | smartagri_server.app | INFO | <module>:50 | Crop recommendation model loaded successfully
2025-11-06 16:18:45 | smartagri_server.app | INFO | <module>:58 | Groq client initialized successfully
2025-11-06 16:18:45 | smartagri_server.app | INFO | <module>:686 | SmartAgri Server starting on http://0.0.0.0:5000
2025-11-06 16:19:16 | smartagri_server.app | INFO | <module>:39 | ============================================================
2025-11-06 16:19:16 | smartagri_server.app | INFO | <module>:40 | SmartAgri Server Starting...
2025-11-06 16:19:16 | smartagri_server.app | INFO | <module>:41 | GROQ_API_KEY configured: True
2025-11-06 16:19:16 | smartagri_server.app | INFO | <module>:42 | WEATHER_API_KEY configured: True
2025-11-06 16:19:16 | smartagri_server.app | INFO | <module>:43 | ELEVEN_API_KEY configured: True
2025-11-06 16:19:16 | smartagri_server.app | INFO | <module>:44 | KINDWISE_API_KEY configured: True
2025-11-06 16:19:16 | smartagri_server.app | INFO | <module>:45 | ============================================================
2025-11-06 16:19:17 | smartagri_server.app | INFO | <module>:50 | Crop recommendation model loaded successfully
2025-11-06 16:19:17 | smartagri_server.app | INFO | <module>:58 | Groq client initialized successfully
2025-11-06 16:19:17 | smartagri_server.app | INFO | <module>:686 | SmartAgri Server starting on http://0.0.0.0:5000
2025-11-06 23:26:36 | smartagri_server.app | INFO | <module>:50 | ============================================================
2025-11-06 23:26:36 | smartagri_server.app | INFO | <module>:51 | SmartAgri Server Starting...
2025-11-06 23:26:36 | smartagri_server.app | INFO | <module>:52 | GROQ_API_KEY configured: True
2025-11-06 23:26:36 | smartagri_server.app | INFO | <module>:54 | ============================================================
2025-11-06 23:26:37 | smartagri_server.app | INFO | <module>:59 | Crop recommendation model loaded successfully
2025-11-06 23:26:37 | smartagri_server.app | INFO | <module>:226 | SmartAgri Server starting on http://127.0.0.1:5000
2025-11-06 23:26:38 | smartagri_server.app | INFO | <module>:50 | ============================================================
2025-11-06 23:26:38 | smartagri_server.app | INFO | <module>:51 | SmartAgri Server Starting...
2025-11-06 23:26:38 | smartagri_server.app | INFO | <module>:52 | GROQ_API_KEY configured: True
2025-11-06 23:26:38 | smartagri_server.app | INFO | <module>:54 | ============================================================
2025-11-06 23:26:39 | smartagri_server.app | INFO | <module>:59 | Crop recommendation model loaded successfully
2025-11-06 23:26:39 | smartagri_server.app | INFO | <module>:226 | SmartAgri Server starting on http://127.0.0.1:5000
2025-11-06 23:40:51 | smartagri_server.app | INFO | <module>:50 | ============================================================
2025-11-06 23:40:51 | smartagri_server.app | INFO | <module>:51 | SmartAgri Server Starting...
2025-11-06 23:40:51 | smartagri_server.app | INFO | <module>:52 | GROQ_API_KEY configured: True
2025-11-06 23:40:51 | smartagri_server.app | INFO | <module>:54 | ============================================================
2025-11-06 23:40:51 | smartagri_server.app | INFO | <module>:226 | SmartAgri Server starting on http://127.0.0.1:5000
2025-11-06 23:40:51 | smartagri_server.app | INFO | <module>:50 | ============================================================
2025-11-06 23:40:51 | smartagri_server.app | INFO | <module>:51 | SmartAgri Server Starting...
2025-11-06 23:40:51 | smartagri_server.app | INFO | <module>:52 | GROQ_API_KEY configured: True
2025-11-06 23:40:51 | smartagri_server.app | INFO | <module>:54 | ============================================================
2025-11-06 23:40:51 | smartagri_server.app | INFO | <module>:226 | SmartAgri Server starting on http://127.0.0.1:5000
2025-11-06 23:41:49 | smartagri.app | INFO | wrapper:135 | [20251106234149153578] / - Request received
2025-11-06 23:41:49 | smartagri.app | INFO | wrapper:152 | [20251106234149153578] / - Completed in 11.62ms
2025-11-07 00:21:31 | smartagri_server.app | INFO | <module>:50 | ============================================================
2025-11-07 00:21:31 | smartagri_server.app | INFO | <module>:51 | SmartAgri Server Starting...
2025-11-07 00:21:31 | smartagri_server.app | INFO | <module>:52 | GROQ_API_KEY configured: True
2025-11-07 00:21:31 | smartagri_server.app | INFO | <module>:54 | ============================================================
2025-11-07 00:21:31 | smartagri_server.app | INFO | <module>:258 | SmartAgri Server starting on http://127.0.0.1:5000
2025-11-07 00:28:42 | smartagri_server.app | INFO | <module>:50 | ============================================================
2025-11-07 00:28:42 | smartagri_server.app | INFO | <module>:51 | SmartAgri Server Starting...
2025-11-07 00:28:42 | smartagri_server.app | INFO | <module>:52 | GROQ_API_KEY configured: True
2025-11-07 00:28:42 | smartagri_server.app | INFO | <module>:54 | ============================================================
2025-11-07 00:28:42 | smartagri_server.app | INFO | <module>:259 | SmartAgri Server starting on http://127.0.0.1:5000
2025-11-07 00:28:46 | smartagri_server.app | INFO | <module>:50 | ============================================================
2025-11-07 00:28:46 | smartagri_server.app | INFO | <module>:51 | SmartAgri Server Starting...
2025-11-07 00:28:46 | smartagri_server.app | INFO | <module>:52 | GROQ_API_KEY configured: True
2025-11-07 00:28:46 | smartagri_server.app | INFO | <module>:54 | ============================================================
2025-11-07 00:28:46 | smartagri_server.app | INFO | <module>:260 | SmartAgri Server starting on http://127.0.0.1:5000
2025-11-07 00:33:59 | smartagri_server.app | INFO | <module>:50 | ============================================================
2025-11-07 00:33:59 | smartagri_server.app | INFO | <module>:51 | SmartAgri Server Starting...
2025-11-07 00:33:59 | smartagri_server.app | INFO | <module>:52 | GROQ_API_KEY configured: True
2025-11-07 00:33:59 | smartagri_server.app | INFO | <module>:54 | ============================================================
2025-11-07 00:33:59 | smartagri_server.app | INFO | <module>:260 | SmartAgri Server starting on http://127.0.0.1:5000
2025-11-07 00:33:59 | smartagri_server.app | INFO | <module>:50 | ============================================================
2025-11-07 00:33:59 | smartagri_server.app | INFO | <module>:51 | SmartAgri Server Starting...
2025-11-07 00:33:59 | smartagri_server.app | INFO | <module>:52 | GROQ_API_KEY configured: True
2025-11-07 00:33:59 | smartagri_server.app | INFO | <module>:54 | ============================================================
2025-11-07 00:33:59 | smartagri_server.app | INFO | <module>:260 | SmartAgri Server starting on http://127.0.0.1:5000
2025-11-07 00:46:17 | smartagri_server.app | INFO | <module>:49 | ============================================================
2025-11-07 00:46:17 | smartagri_server.app | INFO | <module>:50 | SmartAgri Server Starting...
2025-11-07 00:46:17 | smartagri_server.app | INFO | <module>:51 | GROQ_API_KEY configured: True
2025-11-07 00:46:17 | smartagri_server.app | INFO | <module>:52 | WEATHER_API_KEY configured: True
2025-11-07 00:46:17 | smartagri_server.app | INFO | <module>:53 | ELEVEN_API_KEY configured: True
2025-11-07 00:46:17 | smartagri_server.app | INFO | <module>:54 | ============================================================
2025-11-07 00:46:17 | smartagri_server.app | INFO | <module>:420 | SmartAgri Server starting on http://127.0.0.1:5000
2025-11-07 00:47:01 | smartagri.app | INFO | wrapper:135 | [20251107004701176324] /api/chat - Request received
2025-11-07 00:47:01 | smartagri_server.app | INFO | chat:88 | Chat request: hi... (lang: en)
2025-11-07 00:47:01 | smartagri.app | INFO | wrapper:152 | [20251107004701176324] /api/chat - Completed in 3.19ms
2025-11-07 00:49:56 | smartagri_server.app | INFO | <module>:51 | ============================================================
2025-11-07 00:49:56 | smartagri_server.app | INFO | <module>:52 | SmartAgri Server Starting...
2025-11-07 00:49:56 | smartagri_server.app | INFO | <module>:53 | GROQ_API_KEY configured: True
2025-11-07 00:49:56 | smartagri_server.app | INFO | <module>:54 | WEATHER_API_KEY configured: True
2025-11-07 00:49:56 | smartagri_server.app | INFO | <module>:55 | ELEVEN_API_KEY configured: True
2025-11-07 00:49:56 | smartagri_server.app | INFO | <module>:56 | ============================================================
2025-11-07 00:49:56 | smartagri_server.app | INFO | <module>:439 | SmartAgri Server starting on http://127.0.0.1:5000
2025-11-07 00:50:15 | smartagri_server.app | INFO | <module>:51 | ============================================================
2025-11-07 00:50:15 | smartagri_server.app | INFO | <module>:52 | SmartAgri Server Starting...
2025-11-07 00:50:15 | smartagri_server.app | INFO | <module>:53 | GROQ_API_KEY configured: True
2025-11-07 00:50:15 | smartagri_server.app | INFO | <module>:54 | WEATHER_API_KEY configured: True
2025-11-07 00:50:15 | smartagri_server.app | INFO | <module>:55 | ELEVEN_API_KEY configured: True
2025-11-07 00:50:15 | smartagri_server.app | INFO | <module>:56 | ============================================================
2025-11-07 00:50:15 | smartagri_server.app | INFO | <module>:440 | SmartAgri Server starting on http://127.0.0.1:5000
2025-11-07 00:50:29 | smartagri_server.app | INFO | <module>:51 | ============================================================
2025-11-07 00:50:29 | smartagri_server.app | INFO | <module>:52 | SmartAgri Server Starting...
2025-11-07 00:50:29 | smartagri_server.app | INFO | <module>:53 | GROQ_API_KEY configured: True
2025-11-07 00:50:29 | smartagri_server.app | INFO | <module>:54 | WEATHER_API_KEY configured: True
2025-11-07 00:50:29 | smartagri_server.app | INFO | <module>:55 | ELEVEN_API_KEY configured: True
2025-11-07 00:50:29 | smartagri_server.app | INFO | <module>:56 | ============================================================
2025-11-07 00:50:29 | smartagri_server.app | INFO | <module>:440 | SmartAgri Server starting on http://127.0.0.1:5000
2025-11-07 00:50:30 | smartagri_server.app | INFO | <module>:51 | ============================================================
2025-11-07 00:50:30 | smartagri_server.app | INFO | <module>:52 | SmartAgri Server Starting...
2025-11-07 00:50:30 | smartagri_server.app | INFO | <module>:53 | GROQ_API_KEY configured: True
2025-11-07 00:50:30 | smartagri_server.app | INFO | <module>:54 | WEATHER_API_KEY configured: True
2025-11-07 00:50:30 | smartagri_server.app | INFO | <module>:55 | ELEVEN_API_KEY configured: True
2025-11-07 00:50:30 | smartagri_server.app | INFO | <module>:56 | ============================================================
2025-11-07 00:50:30 | smartagri_server.app | INFO | <module>:440 | SmartAgri Server starting on http://127.0.0.1:5000
2025-11-07 00:50:39 | smartagri.app | INFO | wrapper:135 | [20251107005039543597] /api/chat - Request received
2025-11-07 00:50:39 | smartagri_server.app | INFO | chat:92 | Chat request: hi... (lang: en)
2025-11-07 00:50:39 | smartagri.app | INFO | wrapper:152 | [20251107005039543597] /api/chat - Completed in 2.84ms
2025-11-07 00:50:53 | smartagri.app | INFO | wrapper:135 | [20251107005053891456] /api/chat - Request received
2025-11-07 00:50:53 | smartagri_server.app | INFO | chat:92 | Chat request: hi... (lang: en)
2025-11-07 00:50:53 | smartagri.app | INFO | wrapper:152 | [20251107005053891456] /api/chat - Completed in 1.02ms
2025-11-07 00:51:35 | smartagri_server.app | INFO | <module>:49 | ============================================================
2025-11-07 00:51:35 | smartagri_server.app | INFO | <module>:50 | SmartAgri Server Starting...
2025-11-07 00:51:35 | smartagri_server.app | INFO | <module>:51 | GROQ_API_KEY configured: True
2025-11-07 00:51:35 | smartagri_server.app | INFO | <module>:52 | WEATHER_API_KEY configured: True
2025-11-07 00:51:35 | smartagri_server.app | INFO | <module>:53 | ELEVEN_API_KEY configured: True
2025-11-07 00:51:35 | smartagri_server.app | INFO | <module>:54 | ============================================================
2025-11-07 00:51:35 | smartagri_server.app | INFO | <module>:430 | SmartAgri Server starting on http://127.0.0.1:5000
2025-11-07 00:52:05 | smartagri.app | INFO | wrapper:135 | [20251107005205832932] /api/chat - Request received
2025-11-07 00:52:05 | smartagri_server.app | INFO | chat:97 | Chat request: hi... (lang: en)
2025-11-07 00:52:05 | smartagri.app | INFO | wrapper:152 | [20251107005205832932] /api/chat - Completed in 0.99ms
2025-11-07 00:52:12 | smartagri.app | INFO | wrapper:135 | [20251107005212089102] /api/chat - Request received
2025-11-07 00:52:12 | smartagri_server.app | INFO | chat:97 | Chat request: bc... (lang: en)
2025-11-07 00:52:12 | smartagri.app | INFO | wrapper:152 | [20251107005212089102] /api/chat - Completed in 2.58ms
2025-11-07 00:52:16 | smartagri.app | INFO | wrapper:135 | [20251107005216383467] /api/chat - Request received
2025-11-07 00:52:16 | smartagri_server.app | INFO | chat:97 | Chat request: Best time to plant crops?... (lang: en)
2025-11-07 00:52:16 | smartagri.app | INFO | wrapper:152 | [20251107005216383467] /api/chat - Completed in 0.5ms
2025-11-07 00:52:36 | smartagri.app | INFO | wrapper:135 | [20251107005236091318] /api/chat - Request received
2025-11-07 00:52:36 | smartagri_server.app | INFO | chat:97 | Chat request: weather in delhi... (lang: en)
2025-11-07 00:52:36 | smartagri.app | INFO | wrapper:152 | [20251107005236091318] /api/chat - Completed in 1.06ms
2025-11-07 00:53:04 | smartagri.app | INFO | wrapper:135 | [20251107005304936838] /api/chat - Request received
2025-11-07 00:53:04 | smartagri_server.app | INFO | chat:97 | Chat request: weather in kolkata... (lang: bn)
2025-11-07 00:53:04 | smartagri.app | INFO | wrapper:152 | [20251107005304936838] /api/chat - Completed in 1.0ms
2025-11-07 00:58:40 | smartagri.app | INFO | wrapper:135 | [20251107005840573880] /api/chat - Request received
2025-11-07 00:58:40 | smartagri_server.app | INFO | chat:97 | Chat request: hi... (lang: en)
2025-11-07 00:58:40 | smartagri.app | INFO | wrapper:152 | [20251107005840573880] /api/chat - Completed in 0.0ms
2025-11-07 00:58:58 | smartagri.app | INFO | wrapper:135 | [20251107005858354885] /api/chat - Request received
2025-11-07 00:58:58 | smartagri_server.app | INFO | chat:97 | Chat request: weather?... (lang: en)
2025-11-07 00:58:58 | smartagri.app | INFO | wrapper:152 | [20251107005858354885] /api/chat - Completed in 1.01ms
2025-11-07 01:01:35 | smartagri.app | INFO | wrapper:135 | [20251107010135408729] /api/chat - Request received
2025-11-07 01:01:35 | smartagri_server.app | INFO | chat:97 | Chat request: What crops grow best in my region?... (lang: en)
2025-11-07 01:01:35 | smartagri.app | INFO | wrapper:152 | [20251107010135408729] /api/chat - Completed in 0.0ms
2025-11-07 01:06:21 | smartagri.app | INFO | wrapper:135 | [20251107010621245870] /api/chat - Request received
2025-11-07 01:06:21 | smartagri_server.app | INFO | chat:97 | Chat request: Which fertilizer should I use?... (lang: en)
2025-11-07 01:06:21 | smartagri.app | INFO | wrapper:152 | [20251107010621245870] /api/chat - Completed in 0.0ms
2025-11-07 01:10:06 | smartagri.app | INFO | wrapper:135 | [20251107011006477117] /api/chat - Request received
2025-11-07 01:10:06 | smartagri_server.app | INFO | chat:97 | Chat request: What crops grow best in my region?... (lang: en)
2025-11-07 01:10:06 | smartagri.app | INFO | wrapper:152 | [20251107011006477117] /api/chat - Completed in 4.27ms
2025-11-07 01:15:21 | smartagri.app | INFO | wrapper:135 | [20251107011521321706] /api/chat - Request received
2025-11-07 01:15:21 | smartagri_server.app | INFO | chat:97 | Chat request: hi... (lang: en)
2025-11-07 01:15:21 | smartagri.app | INFO | wrapper:152 | [20251107011521321706] /api/chat - Completed in 1.01ms
2025-11-07 01:15:58 | smartagri.app | INFO | wrapper:135 | [20251107011558266898] /api/chat - Request received
2025-11-07 01:15:58 | smartagri_server.app | INFO | chat:97 | Chat request: weather now... (lang: bn)
2025-11-07 01:15:58 | smartagri.app | INFO | wrapper:152 | [20251107011558266898] /api/chat - Completed in 0.52ms
2025-11-07 01:21:19 | smartagri.app | INFO | wrapper:135 | [20251107012119171086] /api/chat - Request received
2025-11-07 01:21:19 | smartagri_server.app | INFO | chat:97 | Chat request: hi, can you say where i am... (lang: en)
2025-11-07 01:21:19 | smartagri.app | INFO | wrapper:152 | [20251107012119171086] /api/chat - Completed in 1.31ms
2025-11-07 01:21:36 | smartagri.app | INFO | wrapper:135 | [20251107012136396070] /api/chat - Request received
2025-11-07 01:21:36 | smartagri_server.app | INFO | chat:97 | Chat request: weather around me... (lang: en)
2025-11-07 01:21:36 | smartagri.app | INFO | wrapper:152 | [20251107012136396070] /api/chat - Completed in 1.35ms
2025-11-07 01:28:32 | smartagri.app | INFO | wrapper:135 | [20251107012832618696] /api/chat - Request received
2025-11-07 01:28:32 | smartagri_server.app | INFO | chat:97 | Chat request: where am i?... (lang: en)
2025-11-07 01:28:32 | smartagri.app | INFO | wrapper:152 | [20251107012832618696] /api/chat - Completed in 0.0ms
2025-11-07 01:28:44 | smartagri.app | INFO | wrapper:135 | [20251107012844162953] /api/chat - Request received
2025-11-07 01:28:44 | smartagri_server.app | INFO | chat:97 | Chat request: weather now... (lang: en)
2025-11-07 01:28:44 | smartagri.app | INFO | wrapper:152 | [20251107012844162953] /api/chat - Completed in 0.0ms
2025-11-07 01:43:28 | smartagri.app | INFO | wrapper:135 | [20251107014328511166] /api/chat - Request received
2025-11-07 01:43:28 | smartagri_server.app | INFO | chat:97 | Chat request: hi... (lang: en)
2025-11-07 01:43:28 | smartagri.app | INFO | wrapper:152 | [20251107014328511166] /api/chat - Completed in 1.42ms
2025-11-07 01:43:33 | smartagri.app | INFO | wrapper:135 | [20251107014333822699] /api/chat - Request received
2025-11-07 01:43:33 | smartagri_server.app | INFO | chat:97 | Chat request: hi... (lang: en)
2025-11-07 01:43:33 | smartagri.app | INFO | wrapper:152 | [20251107014333822699] /api/chat - Completed in 0.9ms
2025-11-07 01:49:26 | smartagri.app | INFO | wrapper:135 | [20251107014926560770] /api/chat - Request received
2025-11-07 01:49:26 | smartagri_server.app | INFO | chat:97 | Chat request: hi... (lang: en)
2025-11-07 01:49:26 | smartagri.app | INFO | wrapper:152 | [20251107014926560770] /api/chat - Completed in 0.0ms
2025-11-07 01:51:53 | smartagri.app | INFO | wrapper:135 | [20251107015153859035] /api/chat - Request received
2025-11-07 01:51:53 | smartagri_server.app | INFO | chat:97 | Chat request: hi... (lang: en)
2025-11-07 01:51:53 | smartagri.app | INFO | wrapper:152 | [20251107015153859035] /api/chat - Completed in 1.01ms
2025-11-07 01:57:49 | smartagri_server.app | INFO | <module>:50 | ============================================================
2025-11-07 01:57:49 | smartagri_server.app | INFO | <module>:51 | SmartAgri Server Starting...
2025-11-07 01:57:49 | smartagri_server.app | INFO | <module>:52 | GROQ_API_KEY configured: True
2025-11-07 01:57:49 | smartagri_server.app | INFO | <module>:54 | ============================================================
2025-11-07 01:57:49 | smartagri_server.app | INFO | <module>:416 | SmartAgri Server starting on http://127.0.0.1:5000
2025-11-07 01:58:05 | smartagri.app | INFO | wrapper:135 | [20251107015805176832] /api/chat - Request received
2025-11-07 01:58:05 | smartagri_server.app | INFO | chat:93 | Chat request: hi... (lang: en, location: None)
2025-11-07 01:58:05 | smartagri.app | INFO | wrapper:152 | [20251107015805176832] /api/chat - Completed in 0.0ms
2025-11-07 01:58:17 | smartagri.app | INFO | wrapper:135 | [20251107015817538374] /api/chat - Request received
2025-11-07 01:58:17 | smartagri_server.app | INFO | chat:93 | Chat request: hi... (lang: en, location: Asansol, India)
2025-11-07 01:58:17 | smartagri.app | INFO | wrapper:152 | [20251107015817538374] /api/chat - Completed in 0.0ms
2025-11-07 01:58:28 | smartagri_server.app | INFO | <module>:49 | ============================================================
2025-11-07 01:58:28 | smartagri_server.app | INFO | <module>:50 | SmartAgri Server Starting...
2025-11-07 01:58:28 | smartagri_server.app | INFO | <module>:51 | GROQ_API_KEY configured: True
2025-11-07 01:58:28 | smartagri_server.app | INFO | <module>:52 | WEATHER_API_KEY configured: True
2025-11-07 01:58:28 | smartagri_server.app | INFO | <module>:53 | ELEVEN_API_KEY configured: True
2025-11-07 01:58:28 | smartagri_server.app | INFO | <module>:54 | ============================================================
2025-11-07 01:58:28 | smartagri_server.app | INFO | <module>:430 | SmartAgri Server starting on http://127.0.0.1:5000
2025-11-07 02:09:17 | smartagri.app | INFO | wrapper:135 | [20251107020917653934] /api/chat - Request received
2025-11-07 02:09:17 | smartagri_server.app | INFO | chat:97 | Chat request: hi... (lang: en)
2025-11-07 02:09:17 | smartagri.app | INFO | wrapper:152 | [20251107020917653934] /api/chat - Completed in 2.01ms
2025-11-07 02:12:58 | smartagri.app | INFO | wrapper:135 | [20251107021258330506] /api/analyze_plant - Request received
2025-11-07 02:12:58 | smartagri.app | INFO | wrapper:152 | [20251107021258330506] /api/analyze_plant - Completed in 11.28ms
2025-11-07 15:10:58 | smartagri_server.app | INFO | <module>:49 | ============================================================
2025-11-07 15:10:58 | smartagri_server.app | INFO | <module>:50 | SmartAgri Server Starting...
2025-11-07 15:10:58 | smartagri_server.app | INFO | <module>:51 | GROQ_API_KEY configured: True
2025-11-07 15:10:58 | smartagri_server.app | INFO | <module>:52 | WEATHER_API_KEY configured: True
2025-11-07 15:10:58 | smartagri_server.app | INFO | <module>:53 | ELEVEN_API_KEY configured: True
2025-11-07 15:10:58 | smartagri_server.app | INFO | <module>:54 | ============================================================
2025-11-07 15:11:01 | smartagri_server.app | INFO | <module>:59 | Crop recommendation model loaded successfully
2025-11-07 15:11:01 | smartagri_server.app | INFO | <module>:430 | SmartAgri Server starting on http://127.0.0.1:5000
2025-11-07 15:11:02 | smartagri_server.app | INFO | <module>:49 | ============================================================
2025-11-07 15:11:02 | smartagri_server.app | INFO | <module>:50 | SmartAgri Server Starting...
2025-11-07 15:11:02 | smartagri_server.app | INFO | <module>:51 | GROQ_API_KEY configured: True
2025-11-07 15:11:02 | smartagri_server.app | INFO | <module>:52 | WEATHER_API_KEY configured: True
2025-11-07 15:11:02 | smartagri_server.app | INFO | <module>:53 | ELEVEN_API_KEY configured: True
2025-11-07 15:11:02 | smartagri_server.app | INFO | <module>:54 | ============================================================
2025-11-07 15:11:04 | smartagri_server.app | INFO | <module>:59 | Crop recommendation model loaded successfully
2025-11-07 15:11:04 | smartagri_server.app | INFO | <module>:430 | SmartAgri Server starting on http://127.0.0.1:5000
2025-11-07 15:12:16 | smartagri.app | INFO | wrapper:135 | [20251107151216267410] /api/chat - Request received
2025-11-07 15:12:16 | smartagri_server.app | INFO | chat:97 | Chat request: hi... (lang: en)
2025-11-07 15:12:16 | smartagri.app | INFO | wrapper:152 | [20251107151216267410] /api/chat - Completed in 3.03ms
2025-11-07 15:12:38 | smartagri_server.app | INFO | <module>:49 | ============================================================
2025-11-07 15:12:38 | smartagri_server.app | INFO | <module>:50 | SmartAgri Server Starting...
2025-11-07 15:12:38 | smartagri_server.app | INFO | <module>:51 | GROQ_API_KEY configured: True
2025-11-07 15:12:38 | smartagri_server.app | INFO | <module>:52 | WEATHER_API_KEY configured: True
2025-11-07 15:12:38 | smartagri_server.app | INFO | <module>:53 | ELEVEN_API_KEY configured: True
2025-11-07 15:12:38 | smartagri_server.app | INFO | <module>:54 | ============================================================
2025-11-07 15:12:40 | smartagri_server.app | INFO | <module>:59 | Crop recommendation model loaded successfully
2025-11-07 15:12:40 | smartagri_server.app | INFO | <module>:430 | SmartAgri Server starting on http://127.0.0.1:5000
2025-11-07 15:12:47 | smartagri.app | INFO | wrapper:135 | [20251107151247682060] /api/chat - Request received
2025-11-07 15:12:47 | smartagri_server.app | INFO | chat:97 | Chat request: hi... (lang: en)
2025-11-07 15:12:47 | smartagri.app | INFO | wrapper:152 | [20251107151247682060] /api/chat - Completed in 0.0ms
2025-11-07 15:13:19 | smartagri.app | INFO | wrapper:135 | [20251107151319628063] /api/chat - Request received
2025-11-07 15:13:19 | smartagri_server.app | INFO | chat:97 | Chat request: nomoskar... (lang: bn)
2025-11-07 15:13:19 | smartagri.app | INFO | wrapper:152 | [20251107151319628063] /api/chat - Completed in 5.52ms
2025-11-07 15:34:33 | smartagri_server.app | INFO | <module>:50 | ============================================================
2025-11-07 15:34:33 | smartagri_server.app | INFO | <module>:51 | SmartAgri Server Starting...
2025-11-07 15:34:33 | smartagri_server.app | INFO | <module>:52 | GROQ_API_KEY configured: True
2025-11-07 15:34:33 | smartagri_server.app | INFO | <module>:53 | WEATHER_API_KEY configured: True
2025-11-07 15:34:33 | smartagri_server.app | INFO | <module>:54 | ELEVEN_API_KEY configured: True
2025-11-07 15:34:33 | smartagri_server.app | INFO | <module>:55 | ============================================================
2025-11-07 15:34:33 | smartagri_server.app | INFO | <module>:431 | SmartAgri Server starting on http://127.0.0.1:5000
2025-11-07 15:34:35 | smartagri_server.app | INFO | <module>:50 | ============================================================
2025-11-07 15:34:35 | smartagri_server.app | INFO | <module>:51 | SmartAgri Server Starting...
2025-11-07 15:34:35 | smartagri_server.app | INFO | <module>:52 | GROQ_API_KEY configured: True
2025-11-07 15:34:35 | smartagri_server.app | INFO | <module>:53 | WEATHER_API_KEY configured: True
2025-11-07 15:34:35 | smartagri_server.app | INFO | <module>:54 | ELEVEN_API_KEY configured: True
2025-11-07 15:34:35 | smartagri_server.app | INFO | <module>:55 | ============================================================
2025-11-07 15:34:35 | smartagri_server.app | INFO | <module>:431 | SmartAgri Server starting on http://127.0.0.1:5000
2025-11-07 15:34:37 | smartagri.app | INFO | wrapper:135 | [20251107153437828672] / - Request received
2025-11-07 15:34:37 | smartagri.app | INFO | wrapper:152 | [20251107153437828672] / - Completed in 11.62ms
2025-11-07 15:35:20 | smartagri.app | INFO | wrapper:135 | [20251107153520516660] /api/chat - Request received
2025-11-07 15:35:20 | smartagri_server.app | INFO | chat:98 | Chat request: Which fertilizer should I use?... (lang: en)
2025-11-07 15:35:20 | smartagri.app | INFO | wrapper:152 | [20251107153520516660] /api/chat - Completed in 0.0ms
2025-11-07 15:35:56 | smartagri_server.app | INFO | <module>:55 | ============================================================
2025-11-07 15:35:56 | smartagri_server.app | INFO | <module>:56 | SmartAgri Server Starting...
2025-11-07 15:35:56 | smartagri_server.app | INFO | <module>:57 | GROQ_API_KEY configured: True
2025-11-07 15:35:56 | smartagri_server.app | INFO | <module>:58 | WEATHER_API_KEY configured: True
2025-11-07 15:35:56 | smartagri_server.app | INFO | <module>:59 | ELEVEN_API_KEY configured: True
2025-11-07 15:35:56 | smartagri_server.app | INFO | <module>:60 | ============================================================
2025-11-07 15:35:56 | smartagri_server.app | INFO | <module>:491 | 
============================================================
2025-11-07 15:35:56 | smartagri_server.app | INFO | <module>:493 | ============================================================
2025-11-07 15:35:56 | smartagri_server.app | INFO | <module>:498 | ============================================================

2025-11-07 15:36:36 | smartagri.app | INFO | wrapper:135 | [20251107153636033606] /api/recommend_crop - Request received
2025-11-07 15:36:36 | smartagri.app | INFO | wrapper:152 | [20251107153636033606] /api/recommend_crop - Completed in 2.01ms
2025-11-07 15:36:36 | smartagri.app | INFO | wrapper:135 | [20251107153636041898] /api/recommend_crop - Request received
2025-11-07 15:36:36 | smartagri_server.app | INFO | recommend_crop:343 | Crop recommendation request for data: {'N': 90, 'P': 42, 'K': 43, 'temperature': 20, 'humidity': 82, 'ph': 7, 'rainfall': 202}
2025-11-07 15:36:36 | smartagri_server.app | WARNING | recommend_crop:381 | Crop model not loaded, using fallback recommendations.
2025-11-07 15:36:36 | smartagri_server.app | INFO | recommend_crop:393 | Crop recommendation successful: Maize
2025-11-07 15:36:36 | smartagri.app | INFO | wrapper:152 | [20251107153636041898] /api/recommend_crop - Completed in 0.0ms
2025-11-07 15:36:52 | smartagri.app | INFO | wrapper:135 | [20251107153652161106] /api/recommend_crop - Request received
2025-11-07 15:36:52 | smartagri.app | INFO | wrapper:152 | [20251107153652161106] /api/recommend_crop - Completed in 6.9ms
2025-11-07 15:36:52 | smartagri.app | INFO | wrapper:135 | [20251107153652171526] /api/recommend_crop - Request received
2025-11-07 15:36:52 | smartagri_server.app | INFO | recommend_crop:343 | Crop recommendation request for data: {'N': 90, 'P': 42, 'K': 43, 'temperature': 20, 'humidity': 0, 'ph': 7, 'rainfall': 0}
2025-11-07 15:36:52 | smartagri_server.app | WARNING | recommend_crop:381 | Crop model not loaded, using fallback recommendations.
2025-11-07 15:36:52 | smartagri_server.app | INFO | recommend_crop:393 | Crop recommendation successful: Maize
2025-11-07 15:36:52 | smartagri.app | INFO | wrapper:152 | [20251107153652171526] /api/recommend_crop - Completed in 0.0ms
2025-11-07 15:36:59 | smartagri.app | INFO | wrapper:135 | [20251107153659144254] /api/recommend_crop - Request received
2025-11-07 15:36:59 | smartagri.app | INFO | wrapper:152 | [20251107153659144254] /api/recommend_crop - Completed in 0.0ms
2025-11-07 15:36:59 | smartagri.app | INFO | wrapper:135 | [20251107153659150676] /api/recommend_crop - Request received
2025-11-07 15:36:59 | smartagri_server.app | INFO | recommend_crop:343 | Crop recommendation request for data: {'N': 0, 'P': 42, 'K': 43, 'temperature': 20, 'humidity': 0, 'ph': 7, 'rainfall': 0}
2025-11-07 15:36:59 | smartagri_server.app | WARNING | recommend_crop:381 | Crop model not loaded, using fallback recommendations.
2025-11-07 15:36:59 | smartagri_server.app | INFO | recommend_crop:393 | Crop recommendation successful: Maize
2025-11-07 15:36:59 | smartagri.app | INFO | wrapper:152 | [20251107153659150676] /api/recommend_crop - Completed in 0.0ms
2025-11-07 15:37:02 | smartagri.app | INFO | wrapper:135 | [20251107153702447675] /api/recommend_crop - Request received
2025-11-07 15:37:02 | smartagri_server.app | INFO | recommend_crop:343 | Crop recommendation request for data: {'N': 0, 'P': 0, 'K': 43, 'temperature': 20, 'humidity': 0, 'ph': 7, 'rainfall': 0}
2025-11-07 15:37:02 | smartagri_server.app | WARNING | recommend_crop:381 | Crop model not loaded, using fallback recommendations.
2025-11-07 15:37:02 | smartagri_server.app | INFO | recommend_crop:393 | Crop recommendation successful: Maize
2025-11-07 15:37:02 | smartagri.app | INFO | wrapper:152 | [20251107153702447675] /api/recommend_crop - Completed in 0.0ms
2025-11-07 15:37:05 | smartagri.app | INFO | wrapper:135 | [20251107153705649409] /api/recommend_crop - Request received
2025-11-07 15:37:05 | smartagri.app | INFO | wrapper:152 | [20251107153705649409] /api/recommend_crop - Completed in 0.0ms
2025-11-07 15:37:05 | smartagri.app | INFO | wrapper:135 | [20251107153705657170] /api/recommend_crop - Request received
2025-11-07 15:37:05 | smartagri_server.app | INFO | recommend_crop:343 | Crop recommendation request for data: {'N': 0, 'P': 0, 'K': 43, 'temperature': 0, 'humidity': 0, 'ph': 7, 'rainfall': 0}
2025-11-07 15:37:05 | smartagri_server.app | WARNING | recommend_crop:381 | Crop model not loaded, using fallback recommendations.
2025-11-07 15:37:05 | smartagri_server.app | INFO | recommend_crop:393 | Crop recommendation successful: Maize
2025-11-07 15:37:05 | smartagri.app | INFO | wrapper:152 | [20251107153705657170] /api/recommend_crop - Completed in 1.72ms
2025-11-07 15:37:16 | smartagri.app | INFO | wrapper:135 | [20251107153716246980] /api/recommend_crop - Request received
2025-11-07 15:37:16 | smartagri.app | INFO | wrapper:152 | [20251107153716246980] /api/recommend_crop - Completed in 0.79ms
2025-11-07 15:37:16 | smartagri.app | INFO | wrapper:135 | [20251107153716307586] /api/recommend_crop - Request received
2025-11-07 15:37:16 | smartagri_server.app | INFO | recommend_crop:343 | Crop recommendation request for data: {'N': 0, 'P': 0, 'K': 0, 'temperature': 0, 'humidity': 0, 'ph': 7, 'rainfall': 0}
2025-11-07 15:37:16 | smartagri_server.app | WARNING | recommend_crop:381 | Crop model not loaded, using fallback recommendations.
2025-11-07 15:37:16 | smartagri_server.app | INFO | recommend_crop:393 | Crop recommendation successful: Maize
2025-11-07 15:37:16 | smartagri.app | INFO | wrapper:152 | [20251107153716307586] /api/recommend_crop - Completed in 10.37ms
2025-11-07 15:45:55 | smartagri_server.app | INFO | <module>:55 | ============================================================
2025-11-07 15:45:55 | smartagri_server.app | INFO | <module>:56 | SmartAgri Server Starting...
2025-11-07 15:45:55 | smartagri_server.app | INFO | <module>:57 | GROQ_API_KEY configured: True
2025-11-07 15:45:55 | smartagri_server.app | INFO | <module>:58 | WEATHER_API_KEY configured: True
2025-11-07 15:45:55 | smartagri_server.app | INFO | <module>:59 | ELEVEN_API_KEY configured: True
2025-11-07 15:45:55 | smartagri_server.app | INFO | <module>:60 | ============================================================
2025-11-07 15:45:55 | smartagri_server.app | INFO | <module>:502 | 
============================================================
2025-11-07 15:45:55 | smartagri_server.app | INFO | <module>:504 | ============================================================
2025-11-07 15:45:55 | smartagri_server.app | INFO | <module>:509 | ============================================================

2025-11-07 15:45:57 | smartagri.app | INFO | wrapper:135 | [20251107154557571036] /api/recommend_crop - Request received
2025-11-07 15:45:57 | smartagri.app | INFO | wrapper:152 | [20251107154557571036] /api/recommend_crop - Completed in 0.0ms
2025-11-07 15:45:57 | smartagri.app | INFO | wrapper:135 | [20251107154557580305] /api/recommend_crop - Request received
2025-11-07 15:45:57 | smartagri_server.app | INFO | recommend_crop:344 | Crop recommendation request for data: {'N': 90, 'P': 42, 'K': 43, 'temperature': 20, 'humidity': 82, 'ph': 7, 'rainfall': 202}
2025-11-07 15:45:57 | smartagri_server.app | WARNING | recommend_crop:391 | Crop model not loaded, using fallback recommendations.
2025-11-07 15:45:57 | smartagri_server.app | INFO | get_fallback_recommendations:146 | Generating fallback for T:20.0, H:82.0, R:202.0
2025-11-07 15:45:57 | smartagri.app | INFO | wrapper:152 | [20251107154557580305] /api/recommend_crop - Completed in 9.31ms
2025-11-07 15:46:02 | smartagri.app | INFO | wrapper:135 | [20251107154602528991] /api/recommend_crop - Request received
2025-11-07 15:46:02 | smartagri_server.app | INFO | recommend_crop:344 | Crop recommendation request for data: {'N': 90, 'P': 42, 'K': 43, 'temperature': 20, 'humidity': 82, 'ph': 7, 'rainfall': 0}
2025-11-07 15:46:02 | smartagri_server.app | WARNING | recommend_crop:391 | Crop model not loaded, using fallback recommendations.
2025-11-07 15:46:02 | smartagri_server.app | INFO | get_fallback_recommendations:146 | Generating fallback for T:20.0, H:82.0, R:0.0
2025-11-07 15:46:02 | smartagri.app | INFO | wrapper:152 | [20251107154602528991] /api/recommend_crop - Completed in 3.5ms
2025-11-07 15:46:09 | smartagri.app | INFO | wrapper:135 | [20251107154609255003] /api/recommend_crop - Request received
2025-11-07 15:46:09 | smartagri.app | INFO | wrapper:152 | [20251107154609255003] /api/recommend_crop - Completed in 0.0ms
2025-11-07 15:46:09 | smartagri.app | INFO | wrapper:135 | [20251107154609263856] /api/recommend_crop - Request received
2025-11-07 15:46:09 | smartagri_server.app | INFO | recommend_crop:344 | Crop recommendation request for data: {'N': 90, 'P': 42, 'K': 43, 'temperature': 20, 'humidity': 0, 'ph': 7, 'rainfall': 0}
2025-11-07 15:46:09 | smartagri_server.app | WARNING | recommend_crop:391 | Crop model not loaded, using fallback recommendations.
2025-11-07 15:46:09 | smartagri_server.app | INFO | get_fallback_recommendations:146 | Generating fallback for T:20.0, H:0.0, R:0.0
2025-11-07 15:46:09 | smartagri.app | INFO | wrapper:152 | [20251107154609263856] /api/recommend_crop - Completed in 1.51ms
2025-11-07 15:47:53 | smartagri_server.app | INFO | <module>:55 | ============================================================
2025-11-07 15:47:53 | smartagri_server.app | INFO | <module>:56 | SmartAgri Server Starting...
2025-11-07 15:47:53 | smartagri_server.app | INFO | <module>:57 | GROQ_API_KEY configured: True
2025-11-07 15:47:53 | smartagri_server.app | INFO | <module>:58 | WEATHER_API_KEY configured: True
2025-11-07 15:47:53 | smartagri_server.app | INFO | <module>:59 | ELEVEN_API_KEY configured: True
2025-11-07 15:47:53 | smartagri_server.app | INFO | <module>:60 | ============================================================
2025-11-07 15:47:53 | smartagri_server.app | INFO | <module>:540 | 
============================================================
2025-11-07 15:47:53 | smartagri_server.app | INFO | <module>:542 | ============================================================
2025-11-07 15:47:53 | smartagri_server.app | INFO | <module>:547 | ============================================================

2025-11-07 15:47:54 | smartagri.app | INFO | wrapper:135 | [20251107154754163596] /api/recommend_crop - Request received
2025-11-07 15:47:54 | smartagri.app | INFO | wrapper:152 | [20251107154754163596] /api/recommend_crop - Completed in 8.69ms
2025-11-07 15:47:54 | smartagri.app | INFO | wrapper:135 | [20251107154754179758] /api/recommend_crop - Request received
2025-11-07 15:47:54 | smartagri_server.app | INFO | recommend_crop:382 | Crop recommendation request for data: {'N': 90, 'P': 42, 'K': 43, 'temperature': 20, 'humidity': 82, 'ph': 7, 'rainfall': 202}
2025-11-07 15:47:54 | smartagri_server.app | WARNING | recommend_crop:429 | Crop model not loaded, using fallback recommendations.
2025-11-07 15:47:54 | smartagri_server.app | INFO | get_fallback_recommendations:146 | Generating SMARTER fallback for N:90.0, P:42.0, K:43.0, T:20.0, H:82.0, R:202.0
2025-11-07 15:47:54 | smartagri.app | INFO | wrapper:152 | [20251107154754179758] /api/recommend_crop - Completed in 2.71ms
2025-11-07 16:06:03 | smartagri_server.app | INFO | <module>:55 | ============================================================
2025-11-07 16:06:03 | smartagri_server.app | INFO | <module>:56 | SmartAgri Server Starting...
2025-11-07 16:06:03 | smartagri_server.app | INFO | <module>:57 | GROQ_API_KEY configured: True
2025-11-07 16:06:03 | smartagri_server.app | INFO | <module>:58 | WEATHER_API_KEY configured: True
2025-11-07 16:06:03 | smartagri_server.app | INFO | <module>:59 | ELEVEN_API_KEY configured: True
2025-11-07 16:06:03 | smartagri_server.app | INFO | <module>:60 | ============================================================
2025-11-07 16:06:03 | smartagri_server.app | INFO | <module>:575 | 
============================================================
2025-11-07 16:06:03 | smartagri_server.app | INFO | <module>:577 | ============================================================
2025-11-07 16:06:03 | smartagri_server.app | INFO | <module>:582 | ============================================================

2025-11-07 16:06:09 | smartagri.app | INFO | wrapper:135 | [20251107160609181938] /api/recommend_crop - Request received
2025-11-07 16:06:09 | smartagri.app | INFO | wrapper:152 | [20251107160609181938] /api/recommend_crop - Completed in 0.0ms
2025-11-07 16:06:09 | smartagri.app | INFO | wrapper:135 | [20251107160609190186] /api/recommend_crop - Request received
2025-11-07 16:06:09 | smartagri_server.app | INFO | recommend_crop:382 | Crop recommendation request for data: {'N': 90, 'P': 42, 'K': 43, 'temperature': 20, 'humidity': 82, 'ph': 7, 'rainfall': 202}
2025-11-07 16:06:09 | smartagri_server.app | WARNING | recommend_crop:454 | Crop model not loaded, using fallback recommendations.
2025-11-07 16:06:09 | smartagri_server.app | INFO | get_fallback_recommendations:146 | Generating SMARTER fallback for N:90.0, P:42.0, K:43.0, T:20.0, H:82.0, R:202.0
2025-11-07 16:06:09 | smartagri.app | INFO | wrapper:152 | [20251107160609190186] /api/recommend_crop - Completed in 0.0ms
2025-11-07 16:06:14 | smartagri.app | INFO | wrapper:135 | [20251107160614126729] /api/recommend_crop - Request received
2025-11-07 16:06:14 | smartagri_server.app | INFO | recommend_crop:382 | Crop recommendation request for data: {'N': 0, 'P': 42, 'K': 43, 'temperature': 20, 'humidity': 82, 'ph': 7, 'rainfall': 202}
2025-11-07 16:06:14 | smartagri_server.app | WARNING | recommend_crop:454 | Crop model not loaded, using fallback recommendations.
2025-11-07 16:06:14 | smartagri_server.app | INFO | get_fallback_recommendations:146 | Generating SMARTER fallback for N:0.0, P:42.0, K:43.0, T:20.0, H:82.0, R:202.0
2025-11-07 16:06:14 | smartagri.app | INFO | wrapper:152 | [20251107160614126729] /api/recommend_crop - Completed in 9.12ms
2025-11-07 16:06:16 | smartagri.app | INFO | wrapper:135 | [20251107160616999063] /api/recommend_crop - Request received
2025-11-07 16:06:16 | smartagri.app | INFO | wrapper:152 | [20251107160616999063] /api/recommend_crop - Completed in 0.0ms
2025-11-07 16:06:16 | smartagri.app | INFO | wrapper:135 | [20251107160616999063] /api/recommend_crop - Request received
2025-11-07 16:06:17 | smartagri_server.app | INFO | recommend_crop:382 | Crop recommendation request for data: {'N': 0, 'P': 42, 'K': 43, 'temperature': 20, 'humidity': 82, 'ph': 7, 'rainfall': 0}
2025-11-07 16:06:17 | smartagri_server.app | WARNING | recommend_crop:454 | Crop model not loaded, using fallback recommendations.
2025-11-07 16:06:17 | smartagri_server.app | INFO | get_fallback_recommendations:146 | Generating SMARTER fallback for N:0.0, P:42.0, K:43.0, T:20.0, H:82.0, R:0.0
2025-11-07 16:06:17 | smartagri.app | INFO | wrapper:152 | [20251107160616999063] /api/recommend_crop - Completed in 13.24ms
2025-11-07 16:06:24 | smartagri.app | INFO | wrapper:135 | [20251107160624165407] /api/recommend_crop - Request received
2025-11-07 16:06:24 | smartagri.app | INFO | wrapper:152 | [20251107160624165407] /api/recommend_crop - Completed in 0.0ms
2025-11-07 16:06:24 | smartagri.app | INFO | wrapper:135 | [20251107160624175786] /api/recommend_crop - Request received
2025-11-07 16:06:24 | smartagri_server.app | INFO | recommend_crop:382 | Crop recommendation request for data: {'N': 0, 'P': 0, 'K': 43, 'temperature': 20, 'humidity': 82, 'ph': 7, 'rainfall': 0}
2025-11-07 16:06:24 | smartagri_server.app | WARNING | recommend_crop:454 | Crop model not loaded, using fallback recommendations.
2025-11-07 16:06:24 | smartagri_server.app | INFO | get_fallback_recommendations:146 | Generating SMARTER fallback for N:0.0, P:0.0, K:43.0, T:20.0, H:82.0, R:0.0
2025-11-07 16:06:24 | smartagri.app | INFO | wrapper:152 | [20251107160624175786] /api/recommend_crop - Completed in 0.0ms
2025-11-07 16:06:30 | smartagri.app | INFO | wrapper:135 | [20251107160630457394] /api/recommend_crop - Request received
2025-11-07 16:06:30 | smartagri.app | INFO | wrapper:152 | [20251107160630457394] /api/recommend_crop - Completed in 0.0ms
2025-11-07 16:06:30 | smartagri.app | INFO | wrapper:135 | [20251107160630468148] /api/recommend_crop - Request received
2025-11-07 16:06:30 | smartagri_server.app | INFO | recommend_crop:382 | Crop recommendation request for data: {'N': 90, 'P': 0, 'K': 43, 'temperature': 20, 'humidity': 82, 'ph': 7, 'rainfall': 0}
2025-11-07 16:06:30 | smartagri_server.app | WARNING | recommend_crop:454 | Crop model not loaded, using fallback recommendations.
2025-11-07 16:06:30 | smartagri_server.app | INFO | get_fallback_recommendations:146 | Generating SMARTER fallback for N:90.0, P:0.0, K:43.0, T:20.0, H:82.0, R:0.0
2025-11-07 16:06:30 | smartagri.app | INFO | wrapper:152 | [20251107160630468148] /api/recommend_crop - Completed in 5.91ms
2025-11-07 16:07:02 | smartagri.app | INFO | wrapper:135 | [20251107160702588018] /api/recommend_crop - Request received
2025-11-07 16:07:02 | smartagri.app | INFO | wrapper:152 | [20251107160702588018] /api/recommend_crop - Completed in 0.0ms
2025-11-07 16:07:02 | smartagri.app | INFO | wrapper:135 | [20251107160702588983] /api/recommend_crop - Request received
2025-11-07 16:07:02 | smartagri_server.app | INFO | recommend_crop:382 | Crop recommendation request for data: {'N': 23, 'P': 43, 'K': 43, 'temperature': 10, 'humidity': 82, 'ph': 7, 'rainfall': 0}
2025-11-07 16:07:02 | smartagri_server.app | WARNING | recommend_crop:454 | Crop model not loaded, using fallback recommendations.
2025-11-07 16:07:02 | smartagri_server.app | INFO | get_fallback_recommendations:146 | Generating SMARTER fallback for N:23.0, P:43.0, K:43.0, T:10.0, H:82.0, R:0.0
2025-11-07 16:07:02 | smartagri.app | INFO | wrapper:152 | [20251107160702588983] /api/recommend_crop - Completed in 9.9ms
2025-11-07 16:07:11 | smartagri.app | INFO | wrapper:135 | [20251107160711093857] /api/recommend_crop - Request received
2025-11-07 16:07:11 | smartagri.app | INFO | wrapper:152 | [20251107160711093857] /api/recommend_crop - Completed in 0.0ms
2025-11-07 16:07:11 | smartagri.app | INFO | wrapper:135 | [20251107160711101577] /api/recommend_crop - Request received
2025-11-07 16:07:11 | smartagri_server.app | INFO | recommend_crop:382 | Crop recommendation request for data: {'N': 23, 'P': 43, 'K': 43, 'temperature': 10, 'humidity': 82, 'ph': 10, 'rainfall': 0}
2025-11-07 16:07:11 | smartagri_server.app | WARNING | recommend_crop:454 | Crop model not loaded, using fallback recommendations.
2025-11-07 16:07:11 | smartagri_server.app | INFO | get_fallback_recommendations:146 | Generating SMARTER fallback for N:23.0, P:43.0, K:43.0, T:10.0, H:82.0, R:0.0
2025-11-07 16:07:11 | smartagri.app | INFO | wrapper:152 | [20251107160711101577] /api/recommend_crop - Completed in 1.37ms
2025-11-07 16:07:15 | smartagri.app | INFO | wrapper:135 | [20251107160715899883] /api/recommend_crop - Request received
2025-11-07 16:07:15 | smartagri_server.app | INFO | recommend_crop:382 | Crop recommendation request for data: {'N': 23, 'P': 43, 'K': 43, 'temperature': 10, 'humidity': 82, 'ph': 10, 'rainfall': 60}
2025-11-07 16:07:15 | smartagri_server.app | WARNING | recommend_crop:454 | Crop model not loaded, using fallback recommendations.
2025-11-07 16:07:15 | smartagri_server.app | INFO | get_fallback_recommendations:146 | Generating SMARTER fallback for N:23.0, P:43.0, K:43.0, T:10.0, H:82.0, R:60.0
2025-11-07 16:07:15 | smartagri.app | INFO | wrapper:152 | [20251107160715899883] /api/recommend_crop - Completed in 4.48ms
2025-11-07 16:07:19 | smartagri.app | INFO | wrapper:135 | [20251107160719033623] /api/recommend_crop - Request received
2025-11-07 16:07:19 | smartagri.app | INFO | wrapper:152 | [20251107160719033623] /api/recommend_crop - Completed in 0.0ms
2025-11-07 16:07:19 | smartagri.app | INFO | wrapper:135 | [20251107160719037967] /api/recommend_crop - Request received
2025-11-07 16:07:19 | smartagri_server.app | INFO | recommend_crop:382 | Crop recommendation request for data: {'N': 23, 'P': 43, 'K': 43, 'temperature': 10, 'humidity': 82, 'ph': 10, 'rainfall': 90}
2025-11-07 16:07:19 | smartagri_server.app | WARNING | recommend_crop:454 | Crop model not loaded, using fallback recommendations.
2025-11-07 16:07:19 | smartagri_server.app | INFO | get_fallback_recommendations:146 | Generating SMARTER fallback for N:23.0, P:43.0, K:43.0, T:10.0, H:82.0, R:90.0
2025-11-07 16:07:19 | smartagri.app | INFO | wrapper:152 | [20251107160719037967] /api/recommend_crop - Completed in 4.11ms
2025-11-07 16:07:22 | smartagri.app | INFO | wrapper:135 | [20251107160722008523] /api/recommend_crop - Request received
2025-11-07 16:07:22 | smartagri_server.app | INFO | recommend_crop:382 | Crop recommendation request for data: {'N': 23, 'P': 43, 'K': 43, 'temperature': 10, 'humidity': 82, 'ph': 10, 'rainfall': 100}
2025-11-07 16:07:22 | smartagri_server.app | WARNING | recommend_crop:454 | Crop model not loaded, using fallback recommendations.
2025-11-07 16:07:22 | smartagri_server.app | INFO | get_fallback_recommendations:146 | Generating SMARTER fallback for N:23.0, P:43.0, K:43.0, T:10.0, H:82.0, R:100.0
2025-11-07 16:07:22 | smartagri.app | INFO | wrapper:152 | [20251107160722008523] /api/recommend_crop - Completed in 7.53ms
2025-11-07 16:07:26 | smartagri.app | INFO | wrapper:135 | [20251107160726233215] /api/recommend_crop - Request received
2025-11-07 16:07:26 | smartagri.app | INFO | wrapper:152 | [20251107160726233215] /api/recommend_crop - Completed in 0.0ms
2025-11-07 16:07:26 | smartagri.app | INFO | wrapper:135 | [20251107160726241685] /api/recommend_crop - Request received
2025-11-07 16:07:26 | smartagri_server.app | INFO | recommend_crop:382 | Crop recommendation request for data: {'N': 23, 'P': 43, 'K': 43, 'temperature': 10, 'humidity': 82, 'ph': 10, 'rainfall': 800}
2025-11-07 16:07:26 | smartagri_server.app | WARNING | recommend_crop:454 | Crop model not loaded, using fallback recommendations.
2025-11-07 16:07:26 | smartagri_server.app | INFO | get_fallback_recommendations:146 | Generating SMARTER fallback for N:23.0, P:43.0, K:43.0, T:10.0, H:82.0, R:800.0
2025-11-07 16:07:26 | smartagri.app | INFO | wrapper:152 | [20251107160726241685] /api/recommend_crop - Completed in 0.0ms
2025-11-07 16:07:34 | smartagri.app | INFO | wrapper:135 | [20251107160734383065] /api/recommend_crop - Request received
2025-11-07 16:07:34 | smartagri.app | INFO | wrapper:152 | [20251107160734383065] /api/recommend_crop - Completed in 8.32ms
2025-11-07 16:07:34 | smartagri.app | INFO | wrapper:135 | [20251107160734396932] /api/recommend_crop - Request received
2025-11-07 16:07:34 | smartagri_server.app | INFO | recommend_crop:382 | Crop recommendation request for data: {'N': 23, 'P': 43, 'K': 43, 'temperature': 10, 'humidity': 82, 'ph': 10, 'rainfall': 100}
2025-11-07 16:07:34 | smartagri_server.app | WARNING | recommend_crop:454 | Crop model not loaded, using fallback recommendations.
2025-11-07 16:07:34 | smartagri_server.app | INFO | get_fallback_recommendations:146 | Generating SMARTER fallback for N:23.0, P:43.0, K:43.0, T:10.0, H:82.0, R:100.0
2025-11-07 16:07:34 | smartagri.app | INFO | wrapper:152 | [20251107160734396932] /api/recommend_crop - Completed in 3.77ms
2025-11-07 16:12:19 | smartagri.app | INFO | wrapper:135 | [20251107161219406665] /api/analyze_plant - Request received
2025-11-07 16:12:19 | smartagri.app | INFO | wrapper:152 | [20251107161219406665] /api/analyze_plant - Completed in 0.0ms
2025-11-07 16:13:59 | smartagri.app | INFO | wrapper:135 | [20251107161359287069] /api/analyze_plant - Request received
2025-11-07 16:13:59 | smartagri.app | INFO | wrapper:152 | [20251107161359287069] /api/analyze_plant - Completed in 12.72ms
2025-11-07 16:22:31 | smartagri_server.app | INFO | <module>:55 | ============================================================
2025-11-07 16:22:31 | smartagri_server.app | INFO | <module>:56 | SmartAgri Server Starting...
2025-11-07 16:22:31 | smartagri_server.app | INFO | <module>:57 | GROQ_API_KEY configured: True
2025-11-07 16:22:31 | smartagri_server.app | INFO | <module>:58 | WEATHER_API_KEY configured: True
2025-11-07 16:22:31 | smartagri_server.app | INFO | <module>:59 | ELEVEN_API_KEY configured: True
2025-11-07 16:22:31 | smartagri_server.app | INFO | <module>:60 | ============================================================
2025-11-07 16:22:31 | smartagri_server.app | INFO | <module>:710 | 
============================================================
2025-11-07 16:22:31 | smartagri_server.app | INFO | <module>:712 | ============================================================
2025-11-07 16:22:31 | smartagri_server.app | INFO | <module>:717 | ============================================================

2025-11-07 16:22:33 | smartagri_server.app | INFO | <module>:55 | ============================================================
2025-11-07 16:22:33 | smartagri_server.app | INFO | <module>:56 | SmartAgri Server Starting...
2025-11-07 16:22:33 | smartagri_server.app | INFO | <module>:57 | GROQ_API_KEY configured: True
2025-11-07 16:22:33 | smartagri_server.app | INFO | <module>:58 | WEATHER_API_KEY configured: True
2025-11-07 16:22:33 | smartagri_server.app | INFO | <module>:59 | ELEVEN_API_KEY configured: True
2025-11-07 16:22:33 | smartagri_server.app | INFO | <module>:60 | ============================================================
2025-11-07 16:22:33 | smartagri_server.app | INFO | <module>:710 | 
============================================================
2025-11-07 16:22:33 | smartagri_server.app | INFO | <module>:712 | ============================================================
2025-11-07 16:22:33 | smartagri_server.app | INFO | <module>:717 | ============================================================

2025-11-07 16:23:12 | smartagri.app | INFO | wrapper:135 | [20251107162312688728] /api/analyze_plant - Request received
2025-11-07 16:23:12 | smartagri_server.app | INFO | analyze_plant:373 | Analyzing plant image: melissa-askew-y4xZxzN754M-unsplash.jpg
2025-11-07 16:23:19 | smartagri.app | INFO | wrapper:152 | [20251107162312688728] /api/analyze_plant - Completed in 6459.33ms
2025-11-07 16:25:21 | smartagri_server.app | INFO | <module>:55 | ============================================================
2025-11-07 16:25:21 | smartagri_server.app | INFO | <module>:56 | SmartAgri Server Starting...
2025-11-07 16:25:21 | smartagri_server.app | INFO | <module>:57 | GROQ_API_KEY configured: True
2025-11-07 16:25:21 | smartagri_server.app | INFO | <module>:58 | WEATHER_API_KEY configured: True
2025-11-07 16:25:21 | smartagri_server.app | INFO | <module>:59 | ELEVEN_API_KEY configured: True
2025-11-07 16:25:21 | smartagri_server.app | INFO | <module>:60 | ============================================================
2025-11-07 16:25:21 | smartagri_server.app | INFO | <module>:737 | 
============================================================
2025-11-07 16:25:21 | smartagri_server.app | INFO | <module>:739 | ============================================================
2025-11-07 16:25:21 | smartagri_server.app | INFO | <module>:744 | ============================================================

2025-11-07 16:25:29 | smartagri.app | INFO | wrapper:135 | [20251107162529411134] /api/analyze_plant - Request received
2025-11-07 16:25:29 | smartagri_server.app | INFO | analyze_plant:375 | Analyzing plant image: melissa-askew-y4xZxzN754M-unsplash.jpg
2025-11-07 16:25:38 | smartagri_server.app | ERROR | analyze_plant:516 | Plant.id API request failed: Expecting value: line 1 column 1 (char 0)
2025-11-07 16:25:38 | smartagri.app | INFO | wrapper:152 | [20251107162529411134] /api/analyze_plant - Completed in 8678.02ms
2025-11-07 16:28:41 | smartagri_server.app | INFO | <module>:55 | ============================================================
2025-11-07 16:28:41 | smartagri_server.app | INFO | <module>:56 | SmartAgri Server Starting...
2025-11-07 16:28:41 | smartagri_server.app | INFO | <module>:57 | GROQ_API_KEY configured: True
2025-11-07 16:28:41 | smartagri_server.app | INFO | <module>:58 | WEATHER_API_KEY configured: True
2025-11-07 16:28:41 | smartagri_server.app | INFO | <module>:59 | ELEVEN_API_KEY configured: True
2025-11-07 16:28:41 | smartagri_server.app | INFO | <module>:60 | ============================================================
2025-11-07 16:28:41 | smartagri_server.app | INFO | <module>:737 | 
============================================================
2025-11-07 16:28:41 | smartagri_server.app | INFO | <module>:739 | ============================================================
2025-11-07 16:28:41 | smartagri_server.app | INFO | <module>:744 | ============================================================

2025-11-07 16:35:14 | smartagri_server.app | INFO | <module>:55 | ============================================================
2025-11-07 16:35:14 | smartagri_server.app | INFO | <module>:56 | SmartAgri Server Starting...
2025-11-07 16:35:14 | smartagri_server.app | INFO | <module>:57 | GROQ_API_KEY configured: True
2025-11-07 16:35:14 | smartagri_server.app | INFO | <module>:58 | WEATHER_API_KEY configured: True
2025-11-07 16:35:14 | smartagri_server.app | INFO | <module>:59 | ELEVEN_API_KEY configured: True
2025-11-07 16:35:14 | smartagri_server.app | INFO | <module>:60 | ============================================================
2025-11-07 16:35:14 | smartagri_server.app | INFO | <module>:747 | 
============================================================
2025-11-07 16:35:14 | smartagri_server.app | INFO | <module>:749 | ============================================================
2025-11-07 16:35:14 | smartagri_server.app | INFO | <module>:754 | ============================================================

2025-11-07 16:35:16 | smartagri_server.app | INFO | <module>:55 | ============================================================
2025-11-07 16:35:16 | smartagri_server.app | INFO | <module>:56 | SmartAgri Server Starting...
2025-11-07 16:35:16 | smartagri_server.app | INFO | <module>:57 | GROQ_API_KEY configured: True
2025-11-07 16:35:16 | smartagri_server.app | INFO | <module>:58 | WEATHER_API_KEY configured: True
2025-11-07 16:35:16 | smartagri_server.app | INFO | <module>:59 | ELEVEN_API_KEY configured: True
2025-11-07 16:35:16 | smartagri_server.app | INFO | <module>:60 | ============================================================
2025-11-07 16:35:16 | smartagri_server.app | INFO | <module>:747 | 
============================================================
2025-11-07 16:35:16 | smartagri_server.app | INFO | <module>:749 | ============================================================
2025-11-07 16:35:16 | smartagri_server.app | INFO | <module>:754 | ============================================================

2025-11-07 16:35:22 | smartagri.app | INFO | wrapper:135 | [20251107163522330841] /api/analyze_plant - Request received
2025-11-07 16:35:22 | smartagri_server.app | INFO | analyze_plant:372 | Analyzing plant image: melissa-askew-y4xZxzN754M-unsplash.jpg
2025-11-07 16:35:28 | smartagri_server.app | INFO | analyze_plant:390 | Kindwise API response status: 400
2025-11-07 16:35:28 | smartagri_server.app | ERROR | analyze_plant:399 | Kindwise API error: 400 - Unknown modifier: details=[`common_names`, `url`, `description`, `treatment`, `cause`]. Available modifiers: [similar_images=true]
2025-11-07 16:35:28 | smartagri.app | INFO | wrapper:152 | [20251107163522330841] /api/analyze_plant - Completed in 6195.99ms
2025-11-07 16:39:28 | smartagri.app | INFO | wrapper:135 | [20251107163928324215] /api/analyze_plant - Request received
2025-11-07 16:39:28 | smartagri_server.app | INFO | analyze_plant:372 | Analyzing plant image: melissa-askew-y4xZxzN754M-unsplash.jpg
2025-11-07 16:39:34 | smartagri_server.app | INFO | analyze_plant:390 | Kindwise API response status: 400
2025-11-07 16:39:34 | smartagri_server.app | ERROR | analyze_plant:399 | Kindwise API error: 400 - Unknown modifier: details=[`common_names`, `url`, `description`, `treatment`, `cause`]. Available modifiers: [similar_images=true]
2025-11-07 16:39:34 | smartagri.app | INFO | wrapper:152 | [20251107163928324215] /api/analyze_plant - Completed in 5958.89ms
2025-11-07 19:45:02 | smartagri_server.app | INFO | <module>:55 | ============================================================
2025-11-07 19:45:02 | smartagri_server.app | INFO | <module>:56 | SmartAgri Server Starting...
2025-11-07 19:45:02 | smartagri_server.app | INFO | <module>:57 | GROQ_API_KEY configured: True
2025-11-07 19:45:02 | smartagri_server.app | INFO | <module>:58 | WEATHER_API_KEY configured: True
2025-11-07 19:45:02 | smartagri_server.app | INFO | <module>:59 | ELEVEN_API_KEY configured: True
2025-11-07 19:45:02 | smartagri_server.app | INFO | <module>:60 | ============================================================
2025-11-07 19:45:02 | smartagri_server.app | INFO | <module>:747 | 
============================================================
2025-11-07 19:45:02 | smartagri_server.app | INFO | <module>:749 | ============================================================
2025-11-07 19:45:02 | smartagri_server.app | INFO | <module>:754 | ============================================================

2025-11-07 19:45:04 | smartagri_server.app | INFO | <module>:55 | ============================================================
2025-11-07 19:45:04 | smartagri_server.app | INFO | <module>:56 | SmartAgri Server Starting...
2025-11-07 19:45:04 | smartagri_server.app | INFO | <module>:57 | GROQ_API_KEY configured: True
2025-11-07 19:45:04 | smartagri_server.app | INFO | <module>:58 | WEATHER_API_KEY configured: True
2025-11-07 19:45:04 | smartagri_server.app | INFO | <module>:59 | ELEVEN_API_KEY configured: True
2025-11-07 19:45:04 | smartagri_server.app | INFO | <module>:60 | ============================================================
2025-11-07 19:45:04 | smartagri_server.app | INFO | <module>:747 | 
============================================================
2025-11-07 19:45:04 | smartagri_server.app | INFO | <module>:749 | ============================================================
2025-11-07 19:45:04 | smartagri_server.app | INFO | <module>:754 | ============================================================

2025-11-07 20:05:18 | smartagri.app | INFO | wrapper:135 | [20251107200518659842] /api/analyze_plant - Request received
2025-11-07 20:05:18 | smartagri_server.app | INFO | analyze_plant:372 | Analyzing plant image: melissa-askew-y4xZxzN754M-unsplash.jpg
2025-11-07 20:05:22 | smartagri_server.app | INFO | analyze_plant:390 | Kindwise API response status: 400
2025-11-07 20:05:22 | smartagri_server.app | ERROR | analyze_plant:399 | Kindwise API error: 400 - Unknown modifier: details=[`common_names`, `url`, `description`, `treatment`, `cause`]. Available modifiers: [similar_images=true]
2025-11-07 20:05:22 | smartagri.app | INFO | wrapper:152 | [20251107200518659842] /api/analyze_plant - Completed in 3627.51ms
2025-11-07 20:09:29 | smartagri_server.app | INFO | <module>:55 | ============================================================
2025-11-07 20:09:29 | smartagri_server.app | INFO | <module>:56 | SmartAgri Server Starting...
2025-11-07 20:09:29 | smartagri_server.app | INFO | <module>:57 | GROQ_API_KEY configured: True
2025-11-07 20:09:29 | smartagri_server.app | INFO | <module>:58 | WEATHER_API_KEY configured: True
2025-11-07 20:09:29 | smartagri_server.app | INFO | <module>:59 | ELEVEN_API_KEY configured: True
2025-11-07 20:09:29 | smartagri_server.app | INFO | <module>:60 | ============================================================
2025-11-07 20:09:29 | smartagri_server.app | INFO | <module>:747 | 
============================================================
2025-11-07 20:09:29 | smartagri_server.app | INFO | <module>:749 | ============================================================
2025-11-07 20:09:29 | smartagri_server.app | INFO | <module>:754 | ============================================================

2025-11-07 20:15:36 | smartagri.app | INFO | wrapper:135 | [20251107201536263325] /api/analyze_plant - Request received
2025-11-07 20:15:36 | smartagri_server.app | INFO | analyze_plant:372 | Analyzing plant image: melissa-askew-y4xZxzN754M-unsplash.jpg
2025-11-07 20:15:41 | smartagri_server.app | INFO | analyze_plant:390 | Kindwise API response status: 400
2025-11-07 20:15:41 | smartagri_server.app | ERROR | analyze_plant:399 | Kindwise API error: 400 - Unknown modifier: details=[`common_names`, `url`, `description`, `treatment`, `cause`]. Available modifiers: [similar_images=true]
2025-11-07 20:15:41 | smartagri.app | INFO | wrapper:152 | [20251107201536263325] /api/analyze_plant - Completed in 5406.19ms
2025-11-07 20:19:44 | smartagri.app | INFO | wrapper:135 | [20251107201944146511] / - Request received
2025-11-07 20:19:44 | smartagri.app | INFO | wrapper:152 | [20251107201944146511] / - Completed in 13.12ms
2025-11-07 20:21:08 | smartagri.app | INFO | wrapper:135 | [20251107202108329770] / - Request received
2025-11-07 20:21:08 | smartagri.app | INFO | wrapper:152 | [20251107202108329770] / - Completed in 1.43ms
2025-11-07 20:27:02 | smartagri_server.app | INFO | <module>:55 | ============================================================
2025-11-07 20:27:02 | smartagri_server.app | INFO | <module>:56 | SmartAgri Server Starting...
2025-11-07 20:27:02 | smartagri_server.app | INFO | <module>:57 | GROQ_API_KEY configured: True
2025-11-07 20:27:02 | smartagri_server.app | INFO | <module>:58 | WEATHER_API_KEY configured: True
2025-11-07 20:27:02 | smartagri_server.app | INFO | <module>:59 | ELEVEN_API_KEY configured: True
2025-11-07 20:27:02 | smartagri_server.app | INFO | <module>:60 | ============================================================
2025-11-07 20:27:02 | smartagri_server.app | INFO | <module>:747 | 
============================================================
2025-11-07 20:27:02 | smartagri_server.app | INFO | <module>:749 | ============================================================
2025-11-07 20:27:02 | smartagri_server.app | INFO | <module>:754 | ============================================================

2025-11-07 20:38:28 | smartagri_server.app | INFO | <module>:64 | ============================================================
2025-11-07 20:38:28 | smartagri_server.app | INFO | <module>:65 | SmartAgri Server Starting...
2025-11-07 20:38:28 | smartagri_server.app | INFO | <module>:66 | GROQ_API_KEY configured: True
2025-11-07 20:38:28 | smartagri_server.app | INFO | <module>:67 | WEATHER_API_KEY configured: True
2025-11-07 20:38:28 | smartagri_server.app | INFO | <module>:68 | ELEVEN_API_KEY configured: True
2025-11-07 20:38:28 | smartagri_server.app | INFO | <module>:69 | ============================================================
2025-11-07 20:38:28 | smartagri_server.app | INFO | <module>:844 | 
============================================================
2025-11-07 20:38:28 | smartagri_server.app | INFO | <module>:846 | ============================================================
2025-11-07 20:38:28 | smartagri_server.app | INFO | <module>:851 | ============================================================

2025-11-07 20:38:29 | smartagri_server.app | INFO | <module>:64 | ============================================================
2025-11-07 20:38:29 | smartagri_server.app | INFO | <module>:65 | SmartAgri Server Starting...
2025-11-07 20:38:29 | smartagri_server.app | INFO | <module>:66 | GROQ_API_KEY configured: True
2025-11-07 20:38:29 | smartagri_server.app | INFO | <module>:67 | WEATHER_API_KEY configured: True
2025-11-07 20:38:29 | smartagri_server.app | INFO | <module>:68 | ELEVEN_API_KEY configured: True
2025-11-07 20:38:29 | smartagri_server.app | INFO | <module>:69 | ============================================================
2025-11-07 20:38:29 | smartagri_server.app | INFO | <module>:844 | 
============================================================
2025-11-07 20:38:29 | smartagri_server.app | INFO | <module>:846 | ============================================================
2025-11-07 20:38:29 | smartagri_server.app | INFO | <module>:851 | ============================================================

2025-11-07 20:38:51 | smartagri.app | INFO | wrapper:135 | [20251107203851188955] /api/analyze_plant - Request received
2025-11-07 20:38:51 | smartagri_server.app | INFO | analyze_plant:469 | Analyzing plant image: melissa-askew-y4xZxzN754M-unsplash.jpg
2025-11-07 20:39:19 | smartagri_server.app | INFO | analyze_plant:487 | Kindwise API response status: 400
2025-11-07 20:39:19 | smartagri_server.app | ERROR | analyze_plant:496 | Kindwise API error: 400 - Unknown modifier: details=[`common_names`, `url`, `description`, `treatment`, `cause`]. Available modifiers: [similar_images=true]
2025-11-07 20:39:19 | smartagri.app | INFO | wrapper:152 | [20251107203851188955] /api/analyze_plant - Completed in 28644.37ms
2025-11-07 20:43:53 | smartagri.app | INFO | wrapper:135 | [20251107204353197809] /api/analyze_plant - Request received
2025-11-07 20:43:53 | smartagri_server.app | INFO | analyze_plant:469 | Analyzing plant image: melissa-askew-y4xZxzN754M-unsplash.jpg
2025-11-07 20:44:24 | smartagri_server.app | ERROR | analyze_plant:623 | Kindwise API request failed: ('Connection aborted.', TimeoutError('The write operation timed out'))
Traceback (most recent call last):
  File "C:\Users\obaid\Downloads\code (4)\venv\Lib\site-packages\urllib3\connectionpool.py", line 787, in urlopen
    response = self._make_request(
               ^^^^^^^^^^^^^^^^^^^
  File "C:\Users\obaid\Downloads\code (4)\venv\Lib\site-packages\urllib3\connectionpool.py", line 493, in _make_request
    conn.request(
  File "C:\Users\obaid\Downloads\code (4)\venv\Lib\site-packages\urllib3\connection.py", line 508, in request
    self.send(chunk)
  File "C:\Python312\Lib\http\client.py", line 1057, in send
    self.sock.sendall(data)
  File "C:\Python312\Lib\ssl.py", line 1210, in sendall
    v = self.send(byte_view[count:])
        ^^^^^^^^^^^^^^^^^^^^^^^^^^^^
  File "C:\Python312\Lib\ssl.py", line 1179, in send
    return self._sslobj.write(data)
           ^^^^^^^^^^^^^^^^^^^^^^^^
TimeoutError: The write operation timed out

During handling of the above exception, another exception occurred:

Traceback (most recent call last):
  File "C:\Users\obaid\Downloads\code (4)\venv\Lib\site-packages\requests\adapters.py", line 644, in send
    resp = conn.urlopen(
           ^^^^^^^^^^^^^
  File "C:\Users\obaid\Downloads\code (4)\venv\Lib\site-packages\urllib3\connectionpool.py", line 841, in urlopen
    retries = retries.increment(
              ^^^^^^^^^^^^^^^^^^
  File "C:\Users\obaid\Downloads\code (4)\venv\Lib\site-packages\urllib3\util\retry.py", line 474, in increment
    raise reraise(type(error), error, _stacktrace)
          ^^^^^^^^^^^^^^^^^^^^^^^^^^^^^^^^^^^^^^^^
  File "C:\Users\obaid\Downloads\code (4)\venv\Lib\site-packages\urllib3\util\util.py", line 38, in reraise
    raise value.with_traceback(tb)
  File "C:\Users\obaid\Downloads\code (4)\venv\Lib\site-packages\urllib3\connectionpool.py", line 787, in urlopen
    response = self._make_request(
               ^^^^^^^^^^^^^^^^^^^
  File "C:\Users\obaid\Downloads\code (4)\venv\Lib\site-packages\urllib3\connectionpool.py", line 493, in _make_request
    conn.request(
  File "C:\Users\obaid\Downloads\code (4)\venv\Lib\site-packages\urllib3\connection.py", line 508, in request
    self.send(chunk)
  File "C:\Python312\Lib\http\client.py", line 1057, in send
    self.sock.sendall(data)
  File "C:\Python312\Lib\ssl.py", line 1210, in sendall
    v = self.send(byte_view[count:])
        ^^^^^^^^^^^^^^^^^^^^^^^^^^^^
  File "C:\Python312\Lib\ssl.py", line 1179, in send
    return self._sslobj.write(data)
           ^^^^^^^^^^^^^^^^^^^^^^^^
urllib3.exceptions.ProtocolError: ('Connection aborted.', TimeoutError('The write operation timed out'))

During handling of the above exception, another exception occurred:

Traceback (most recent call last):
  File "C:\Users\obaid\Downloads\code (4)\server.py", line 485, in analyze_plant
    response = requests.post(api_url, json=payload, headers=headers, timeout=30)
               ^^^^^^^^^^^^^^^^^^^^^^^^^^^^^^^^^^^^^^^^^^^^^^^^^^^^^^^^^^^^^^^^^
  File "C:\Users\obaid\Downloads\code (4)\venv\Lib\site-packages\requests\api.py", line 115, in post
    return request("post", url, data=data, json=json, **kwargs)
           ^^^^^^^^^^^^^^^^^^^^^^^^^^^^^^^^^^^^^^^^^^^^^^^^^^^^
  File "C:\Users\obaid\Downloads\code (4)\venv\Lib\site-packages\requests\api.py", line 59, in request
    return session.request(method=method, url=url, **kwargs)
           ^^^^^^^^^^^^^^^^^^^^^^^^^^^^^^^^^^^^^^^^^^^^^^^^^
  File "C:\Users\obaid\Downloads\code (4)\venv\Lib\site-packages\requests\sessions.py", line 589, in request
    resp = self.send(prep, **send_kwargs)
           ^^^^^^^^^^^^^^^^^^^^^^^^^^^^^^
  File "C:\Users\obaid\Downloads\code (4)\venv\Lib\site-packages\requests\sessions.py", line 703, in send
    r = adapter.send(request, **kwargs)
        ^^^^^^^^^^^^^^^^^^^^^^^^^^^^^^^
  File "C:\Users\obaid\Downloads\code (4)\venv\Lib\site-packages\requests\adapters.py", line 659, in send
    raise ConnectionError(err, request=request)
requests.exceptions.ConnectionError: ('Connection aborted.', TimeoutError('The write operation timed out'))
2025-11-07 20:44:24 | smartagri.app | INFO | wrapper:152 | [20251107204353197809] /api/analyze_plant - Completed in 31404.71ms
2025-11-07 20:44:34 | smartagri.app | INFO | wrapper:135 | [20251107204434900179] /api/analyze_plant - Request received
2025-11-07 20:44:34 | smartagri_server.app | INFO | analyze_plant:469 | Analyzing plant image: melissa-askew-y4xZxzN754M-unsplash.jpg
2025-11-07 20:44:40 | smartagri_server.app | INFO | analyze_plant:487 | Kindwise API response status: 400
2025-11-07 20:44:40 | smartagri_server.app | ERROR | analyze_plant:496 | Kindwise API error: 400 - Unknown modifier: details=[`common_names`, `url`, `description`, `treatment`, `cause`]. Available modifiers: [similar_images=true]
2025-11-07 20:44:40 | smartagri.app | INFO | wrapper:152 | [20251107204434900179] /api/analyze_plant - Completed in 5863.24ms
2025-11-07 20:46:47 | smartagri_server.app | INFO | <module>:67 | ============================================================
2025-11-07 20:46:47 | smartagri_server.app | INFO | <module>:68 | SmartAgri Server Starting...
2025-11-07 20:46:47 | smartagri_server.app | INFO | <module>:69 | GROQ_API_KEY configured: True
2025-11-07 20:46:47 | smartagri_server.app | INFO | <module>:70 | WEATHER_API_KEY configured: True
2025-11-07 20:46:47 | smartagri_server.app | INFO | <module>:71 | ELEVEN_API_KEY configured: True
2025-11-07 20:46:47 | smartagri_server.app | INFO | <module>:72 | ============================================================
2025-11-07 20:46:47 | smartagri_server.app | INFO | <module>:924 | 
============================================================
2025-11-07 20:46:47 | smartagri_server.app | INFO | <module>:926 | ============================================================
2025-11-07 20:46:47 | smartagri_server.app | INFO | <module>:935 | ============================================================

2025-11-07 20:46:57 | smartagri.app | INFO | wrapper:135 | [20251107204657552293] /api/analyze_plant - Request received
2025-11-07 20:46:57 | smartagri_server.app | INFO | analyze_plant:502 | Analyzing plant image: melissa-askew-y4xZxzN754M-unsplash.jpg
2025-11-07 20:47:02 | smartagri_server.app | INFO | analyze_plant:521 | Kindwise API response status: 400
2025-11-07 20:47:02 | smartagri_server.app | ERROR | analyze_plant:531 | Kindwise API error: 400 - Unknown modifier: details=[`common_names`, `url`, `description`, `treatment`, `cause`]. Available modifiers: [similar_images=true]
2025-11-07 20:47:02 | smartagri.app | INFO | wrapper:152 | [20251107204657552293] /api/analyze_plant - Completed in 4767.89ms
2025-11-07 20:48:52 | smartagri_server.app | INFO | <module>:67 | ============================================================
2025-11-07 20:48:52 | smartagri_server.app | INFO | <module>:68 | SmartAgri Server Starting...
2025-11-07 20:48:52 | smartagri_server.app | INFO | <module>:69 | GROQ_API_KEY configured: True
2025-11-07 20:48:52 | smartagri_server.app | INFO | <module>:70 | WEATHER_API_KEY configured: True
2025-11-07 20:48:52 | smartagri_server.app | INFO | <module>:71 | ELEVEN_API_KEY configured: True
2025-11-07 20:48:52 | smartagri_server.app | INFO | <module>:72 | ============================================================
2025-11-07 20:48:52 | smartagri_server.app | INFO | <module>:922 | 
============================================================
2025-11-07 20:48:52 | smartagri_server.app | INFO | <module>:924 | ============================================================
2025-11-07 20:48:52 | smartagri_server.app | INFO | <module>:933 | ============================================================

2025-11-07 20:48:54 | smartagri_server.app | INFO | <module>:67 | ============================================================
2025-11-07 20:48:54 | smartagri_server.app | INFO | <module>:68 | SmartAgri Server Starting...
2025-11-07 20:48:54 | smartagri_server.app | INFO | <module>:69 | GROQ_API_KEY configured: True
2025-11-07 20:48:54 | smartagri_server.app | INFO | <module>:70 | WEATHER_API_KEY configured: True
2025-11-07 20:48:54 | smartagri_server.app | INFO | <module>:71 | ELEVEN_API_KEY configured: True
2025-11-07 20:48:54 | smartagri_server.app | INFO | <module>:72 | ============================================================
2025-11-07 20:48:54 | smartagri_server.app | INFO | <module>:923 | 
============================================================
2025-11-07 20:48:54 | smartagri_server.app | INFO | <module>:925 | ============================================================
2025-11-07 20:48:54 | smartagri_server.app | INFO | <module>:934 | ============================================================

2025-11-07 20:49:02 | smartagri_server.app | INFO | <module>:67 | ============================================================
2025-11-07 20:49:02 | smartagri_server.app | INFO | <module>:68 | SmartAgri Server Starting...
2025-11-07 20:49:02 | smartagri_server.app | INFO | <module>:69 | GROQ_API_KEY configured: True
2025-11-07 20:49:02 | smartagri_server.app | INFO | <module>:70 | WEATHER_API_KEY configured: True
2025-11-07 20:49:02 | smartagri_server.app | INFO | <module>:71 | ELEVEN_API_KEY configured: True
2025-11-07 20:49:02 | smartagri_server.app | INFO | <module>:72 | ============================================================
2025-11-07 20:49:02 | smartagri_server.app | INFO | <module>:923 | 
============================================================
2025-11-07 20:49:02 | smartagri_server.app | INFO | <module>:925 | ============================================================
2025-11-07 20:49:02 | smartagri_server.app | INFO | <module>:934 | ============================================================

2025-11-07 20:49:15 | smartagri.app | INFO | wrapper:135 | [20251107204915161167] /api/analyze_plant - Request received
2025-11-07 20:49:15 | smartagri_server.app | INFO | analyze_plant:502 | Analyzing plant image: melissa-askew-y4xZxzN754M-unsplash.jpg
2025-11-07 20:49:48 | smartagri_server.app | ERROR | analyze_plant:668 | Kindwise API request failed: ('Connection aborted.', TimeoutError('The write operation timed out'))
Traceback (most recent call last):
  File "C:\Users\obaid\Downloads\code (4)\venv\Lib\site-packages\urllib3\connectionpool.py", line 787, in urlopen
    response = self._make_request(
               ^^^^^^^^^^^^^^^^^^^
  File "C:\Users\obaid\Downloads\code (4)\venv\Lib\site-packages\urllib3\connectionpool.py", line 493, in _make_request
    conn.request(
  File "C:\Users\obaid\Downloads\code (4)\venv\Lib\site-packages\urllib3\connection.py", line 508, in request
    self.send(chunk)
  File "C:\Python312\Lib\http\client.py", line 1057, in send
    self.sock.sendall(data)
  File "C:\Python312\Lib\ssl.py", line 1210, in sendall
    v = self.send(byte_view[count:])
        ^^^^^^^^^^^^^^^^^^^^^^^^^^^^
  File "C:\Python312\Lib\ssl.py", line 1179, in send
    return self._sslobj.write(data)
           ^^^^^^^^^^^^^^^^^^^^^^^^
TimeoutError: The write operation timed out

During handling of the above exception, another exception occurred:

Traceback (most recent call last):
  File "C:\Users\obaid\Downloads\code (4)\venv\Lib\site-packages\requests\adapters.py", line 644, in send
    resp = conn.urlopen(
           ^^^^^^^^^^^^^
  File "C:\Users\obaid\Downloads\code (4)\venv\Lib\site-packages\urllib3\connectionpool.py", line 841, in urlopen
    retries = retries.increment(
              ^^^^^^^^^^^^^^^^^^
  File "C:\Users\obaid\Downloads\code (4)\venv\Lib\site-packages\urllib3\util\retry.py", line 474, in increment
    raise reraise(type(error), error, _stacktrace)
          ^^^^^^^^^^^^^^^^^^^^^^^^^^^^^^^^^^^^^^^^
  File "C:\Users\obaid\Downloads\code (4)\venv\Lib\site-packages\urllib3\util\util.py", line 38, in reraise
    raise value.with_traceback(tb)
  File "C:\Users\obaid\Downloads\code (4)\venv\Lib\site-packages\urllib3\connectionpool.py", line 787, in urlopen
    response = self._make_request(
               ^^^^^^^^^^^^^^^^^^^
  File "C:\Users\obaid\Downloads\code (4)\venv\Lib\site-packages\urllib3\connectionpool.py", line 493, in _make_request
    conn.request(
  File "C:\Users\obaid\Downloads\code (4)\venv\Lib\site-packages\urllib3\connection.py", line 508, in request
    self.send(chunk)
  File "C:\Python312\Lib\http\client.py", line 1057, in send
    self.sock.sendall(data)
  File "C:\Python312\Lib\ssl.py", line 1210, in sendall
    v = self.send(byte_view[count:])
        ^^^^^^^^^^^^^^^^^^^^^^^^^^^^
  File "C:\Python312\Lib\ssl.py", line 1179, in send
    return self._sslobj.write(data)
           ^^^^^^^^^^^^^^^^^^^^^^^^
urllib3.exceptions.ProtocolError: ('Connection aborted.', TimeoutError('The write operation timed out'))

During handling of the above exception, another exception occurred:

Traceback (most recent call last):
  File "C:\Users\obaid\Downloads\code (4)\server.py", line 517, in analyze_plant
    response = requests.post(
               ^^^^^^^^^^^^^^
  File "C:\Users\obaid\Downloads\code (4)\venv\Lib\site-packages\requests\api.py", line 115, in post
    return request("post", url, data=data, json=json, **kwargs)
           ^^^^^^^^^^^^^^^^^^^^^^^^^^^^^^^^^^^^^^^^^^^^^^^^^^^^
  File "C:\Users\obaid\Downloads\code (4)\venv\Lib\site-packages\requests\api.py", line 59, in request
    return session.request(method=method, url=url, **kwargs)
           ^^^^^^^^^^^^^^^^^^^^^^^^^^^^^^^^^^^^^^^^^^^^^^^^^
  File "C:\Users\obaid\Downloads\code (4)\venv\Lib\site-packages\requests\sessions.py", line 589, in request
    resp = self.send(prep, **send_kwargs)
           ^^^^^^^^^^^^^^^^^^^^^^^^^^^^^^
  File "C:\Users\obaid\Downloads\code (4)\venv\Lib\site-packages\requests\sessions.py", line 703, in send
    r = adapter.send(request, **kwargs)
        ^^^^^^^^^^^^^^^^^^^^^^^^^^^^^^^
  File "C:\Users\obaid\Downloads\code (4)\venv\Lib\site-packages\requests\adapters.py", line 659, in send
    raise ConnectionError(err, request=request)
requests.exceptions.ConnectionError: ('Connection aborted.', TimeoutError('The write operation timed out'))
2025-11-07 20:49:49 | smartagri.app | INFO | wrapper:152 | [20251107204915161167] /api/analyze_plant - Completed in 33844.2ms
2025-11-07 21:05:59 | smartagri_server.app | INFO | <module>:68 | ============================================================
2025-11-07 21:05:59 | smartagri_server.app | INFO | <module>:69 | SmartAgri Server Starting...
2025-11-07 21:05:59 | smartagri_server.app | INFO | <module>:70 | GROQ_API_KEY configured: True
2025-11-07 21:05:59 | smartagri_server.app | INFO | <module>:71 | WEATHER_API_KEY configured: True
2025-11-07 21:05:59 | smartagri_server.app | INFO | <module>:72 | ELEVEN_API_KEY configured: True
2025-11-07 21:05:59 | smartagri_server.app | INFO | <module>:73 | ============================================================
2025-11-07 21:05:59 | smartagri_server.app | INFO | <module>:956 | 
============================================================
2025-11-07 21:05:59 | smartagri_server.app | INFO | <module>:958 | ============================================================
2025-11-07 21:05:59 | smartagri_server.app | INFO | <module>:967 | ============================================================

2025-11-07 21:06:00 | smartagri_server.app | INFO | <module>:68 | ============================================================
2025-11-07 21:06:00 | smartagri_server.app | INFO | <module>:69 | SmartAgri Server Starting...
2025-11-07 21:06:00 | smartagri_server.app | INFO | <module>:70 | GROQ_API_KEY configured: True
2025-11-07 21:06:00 | smartagri_server.app | INFO | <module>:71 | WEATHER_API_KEY configured: True
2025-11-07 21:06:00 | smartagri_server.app | INFO | <module>:72 | ELEVEN_API_KEY configured: True
2025-11-07 21:06:00 | smartagri_server.app | INFO | <module>:73 | ============================================================
2025-11-07 21:06:00 | smartagri_server.app | INFO | <module>:956 | 
============================================================
2025-11-07 21:06:00 | smartagri_server.app | INFO | <module>:958 | ============================================================
2025-11-07 21:06:00 | smartagri_server.app | INFO | <module>:967 | ============================================================

2025-11-07 21:06:15 | smartagri.app | INFO | wrapper:135 | [20251107210615248898] /api/analyze_plant - Request received
2025-11-07 21:06:15 | smartagri_server.app | INFO | analyze_plant:535 | Analyzing plant image: melissa-askew-y4xZxzN754M-unsplash.jpg
2025-11-07 21:06:34 | smartagri_server.app | INFO | analyze_plant:553 | Kindwise API response status: 201
2025-11-07 21:06:34 | smartagri_server.app | INFO | analyze_plant:572 | Kindwise API call successful
2025-11-07 21:06:34 | smartagri.app | INFO | wrapper:152 | [20251107210615248898] /api/analyze_plant - Completed in 19720.01ms
2025-11-07 21:07:20 | smartagri.app | INFO | wrapper:135 | [20251107210720053472] /dashboard - Request received
2025-11-07 21:07:20 | smartagri.app | INFO | wrapper:152 | [20251107210720053472] /dashboard - Completed in 10.25ms
2025-11-07 21:07:27 | smartagri.app | INFO | wrapper:135 | [20251107210727976925] /chat - Request received
2025-11-07 21:07:27 | smartagri.app | INFO | wrapper:152 | [20251107210727976925] /chat - Completed in 4.29ms
2025-11-07 21:08:01 | smartagri.app | INFO | wrapper:135 | [20251107210801173522] /api/analyze_plant - Request received
2025-11-07 21:08:01 | smartagri_server.app | INFO | analyze_plant:535 | Analyzing plant image: melissa-askew-y4xZxzN754M-unsplash.jpg
2025-11-07 21:08:09 | smartagri_server.app | INFO | analyze_plant:553 | Kindwise API response status: 201
2025-11-07 21:08:09 | smartagri_server.app | INFO | analyze_plant:572 | Kindwise API call successful
2025-11-07 21:08:09 | smartagri.app | INFO | wrapper:152 | [20251107210801173522] /api/analyze_plant - Completed in 8372.6ms
2025-11-07 21:08:25 | smartagri.app | INFO | wrapper:135 | [20251107210825365500] /api/analyze_plant - Request received
2025-11-07 21:08:25 | smartagri_server.app | INFO | analyze_plant:535 | Analyzing plant image: 1600px_COLOURBOX3690708.jpg
2025-11-07 21:08:29 | smartagri_server.app | INFO | analyze_plant:553 | Kindwise API response status: 201
2025-11-07 21:08:29 | smartagri_server.app | INFO | analyze_plant:572 | Kindwise API call successful
2025-11-07 21:08:29 | smartagri.app | INFO | wrapper:152 | [20251107210825365500] /api/analyze_plant - Completed in 4470.94ms
2025-11-07 21:23:31 | smartagri.app | INFO | wrapper:135 | [20251107212331128021] /api/analyze_plant - Request received
2025-11-07 21:23:31 | smartagri_server.app | INFO | analyze_plant:535 | Analyzing plant image: 1600px_COLOURBOX3690708.jpg
2025-11-07 21:23:37 | smartagri_server.app | INFO | analyze_plant:553 | Kindwise API response status: 201
2025-11-07 21:23:37 | smartagri_server.app | INFO | analyze_plant:572 | Kindwise API call successful
2025-11-07 21:23:37 | smartagri.app | INFO | wrapper:152 | [20251107212331128021] /api/analyze_plant - Completed in 6296.56ms
2025-11-07 21:23:53 | smartagri.app | INFO | wrapper:135 | [20251107212353344878] /api/analyze_plant - Request received
2025-11-07 21:23:53 | smartagri_server.app | INFO | analyze_plant:535 | Analyzing plant image: melissa-askew-y4xZxzN754M-unsplash.jpg
2025-11-07 21:23:56 | smartagri_server.app | INFO | analyze_plant:553 | Kindwise API response status: 201
2025-11-07 21:23:56 | smartagri_server.app | INFO | analyze_plant:572 | Kindwise API call successful
2025-11-07 21:23:56 | smartagri.app | INFO | wrapper:152 | [20251107212353344878] /api/analyze_plant - Completed in 3545.67ms
2025-11-07 21:28:54 | smartagri.app | INFO | wrapper:135 | [20251107212854058126] /api/analyze_plant - Request received
2025-11-07 21:28:54 | smartagri_server.app | INFO | analyze_plant:535 | Analyzing plant image: melissa-askew-y4xZxzN754M-unsplash.jpg
2025-11-07 21:29:19 | smartagri_server.app | INFO | analyze_plant:553 | Kindwise API response status: 201
2025-11-07 21:29:19 | smartagri_server.app | INFO | analyze_plant:572 | Kindwise API call successful
2025-11-07 21:29:19 | smartagri.app | INFO | wrapper:152 | [20251107212854058126] /api/analyze_plant - Completed in 25062.15ms
2025-11-07 21:29:54 | smartagri.app | INFO | wrapper:135 | [20251107212954045735] /api/analyze_plant - Request received
2025-11-07 21:29:54 | smartagri_server.app | INFO | analyze_plant:535 | Analyzing plant image: OIP.jpeg
2025-11-07 21:29:55 | smartagri_server.app | INFO | analyze_plant:553 | Kindwise API response status: 201
2025-11-07 21:29:55 | smartagri_server.app | INFO | analyze_plant:572 | Kindwise API call successful
2025-11-07 21:29:55 | smartagri.app | INFO | wrapper:152 | [20251107212954045735] /api/analyze_plant - Completed in 1677.66ms
2025-11-07 21:30:09 | smartagri.app | INFO | wrapper:135 | [20251107213009484226] /api/analyze_plant - Request received
2025-11-07 21:30:09 | smartagri_server.app | INFO | analyze_plant:535 | Analyzing plant image: OIP.jpeg
2025-11-07 21:30:12 | smartagri_server.app | INFO | analyze_plant:553 | Kindwise API response status: 201
2025-11-07 21:30:12 | smartagri_server.app | INFO | analyze_plant:572 | Kindwise API call successful
2025-11-07 21:30:12 | smartagri.app | INFO | wrapper:152 | [20251107213009484226] /api/analyze_plant - Completed in 2928.2ms
2025-11-07 21:35:31 | smartagri_server.app | INFO | <module>:68 | ============================================================
2025-11-07 21:35:31 | smartagri_server.app | INFO | <module>:69 | SmartAgri Server Starting...
2025-11-07 21:35:31 | smartagri_server.app | INFO | <module>:70 | GROQ_API_KEY configured: True
2025-11-07 21:35:31 | smartagri_server.app | INFO | <module>:71 | WEATHER_API_KEY configured: True
2025-11-07 21:35:31 | smartagri_server.app | INFO | <module>:72 | ELEVEN_API_KEY configured: True
2025-11-07 21:35:31 | smartagri_server.app | INFO | <module>:73 | ============================================================
2025-11-07 21:35:31 | smartagri_server.app | INFO | <module>:821 | 
============================================================
2025-11-07 21:35:31 | smartagri_server.app | INFO | <module>:823 | ============================================================
2025-11-07 21:35:31 | smartagri_server.app | INFO | <module>:832 | ============================================================

2025-11-07 21:35:37 | smartagri.app | INFO | wrapper:135 | [20251107213537927338] /api/analyze_plant - Request received
2025-11-07 21:35:40 | smartagri.app | INFO | wrapper:152 | [20251107213537927338] /api/analyze_plant - Completed in 2734.93ms
2025-11-07 21:36:47 | smartagri_server.app | INFO | <module>:69 | ============================================================
2025-11-07 21:36:47 | smartagri_server.app | INFO | <module>:70 | SmartAgri Server Starting...
2025-11-07 21:36:47 | smartagri_server.app | INFO | <module>:71 | GROQ_API_KEY configured: True
2025-11-07 21:36:47 | smartagri_server.app | INFO | <module>:72 | WEATHER_API_KEY configured: True
2025-11-07 21:36:47 | smartagri_server.app | INFO | <module>:73 | ELEVEN_API_KEY configured: True
2025-11-07 21:36:47 | smartagri_server.app | INFO | <module>:74 | ============================================================
2025-11-07 21:36:47 | smartagri_server.app | INFO | <module>:822 | 
============================================================
2025-11-07 21:36:47 | smartagri_server.app | INFO | <module>:824 | ============================================================
2025-11-07 21:36:47 | smartagri_server.app | INFO | <module>:833 | ============================================================

2025-11-07 21:37:21 | smartagri_server.app | INFO | <module>:69 | ============================================================
2025-11-07 21:37:21 | smartagri_server.app | INFO | <module>:70 | SmartAgri Server Starting...
2025-11-07 21:37:21 | smartagri_server.app | INFO | <module>:71 | GROQ_API_KEY configured: True
2025-11-07 21:37:21 | smartagri_server.app | INFO | <module>:72 | WEATHER_API_KEY configured: True
2025-11-07 21:37:21 | smartagri_server.app | INFO | <module>:73 | ELEVEN_API_KEY configured: True
2025-11-07 21:37:21 | smartagri_server.app | INFO | <module>:74 | ============================================================
2025-11-07 21:37:21 | smartagri_server.app | INFO | <module>:747 | 
============================================================
2025-11-07 21:37:21 | smartagri_server.app | INFO | <module>:749 | ============================================================
2025-11-07 21:37:21 | smartagri_server.app | INFO | <module>:758 | ============================================================

2025-11-07 21:39:42 | smartagri_server.app | INFO | <module>:69 | ============================================================
2025-11-07 21:39:42 | smartagri_server.app | INFO | <module>:70 | SmartAgri Server Starting...
2025-11-07 21:39:42 | smartagri_server.app | INFO | <module>:71 | GROQ_API_KEY configured: True
2025-11-07 21:39:42 | smartagri_server.app | INFO | <module>:72 | WEATHER_API_KEY configured: True
2025-11-07 21:39:42 | smartagri_server.app | INFO | <module>:73 | ELEVEN_API_KEY configured: True
2025-11-07 21:39:42 | smartagri_server.app | INFO | <module>:74 | ============================================================
2025-11-07 21:39:42 | smartagri_server.app | INFO | <module>:822 | 
============================================================
2025-11-07 21:39:42 | smartagri_server.app | INFO | <module>:824 | ============================================================
2025-11-07 21:39:42 | smartagri_server.app | INFO | <module>:833 | ============================================================

2025-11-07 21:39:50 | smartagri_server.app | INFO | <module>:68 | ============================================================
2025-11-07 21:39:50 | smartagri_server.app | INFO | <module>:69 | SmartAgri Server Starting...
2025-11-07 21:39:50 | smartagri_server.app | INFO | <module>:70 | GROQ_API_KEY configured: True
2025-11-07 21:39:50 | smartagri_server.app | INFO | <module>:71 | WEATHER_API_KEY configured: True
2025-11-07 21:39:50 | smartagri_server.app | INFO | <module>:72 | ELEVEN_API_KEY configured: True
2025-11-07 21:39:50 | smartagri_server.app | INFO | <module>:73 | ============================================================
2025-11-07 21:39:50 | smartagri_server.app | INFO | <module>:956 | 
============================================================
2025-11-07 21:39:50 | smartagri_server.app | INFO | <module>:958 | ============================================================
2025-11-07 21:39:50 | smartagri_server.app | INFO | <module>:967 | ============================================================

2025-11-07 22:25:10 | smartagri_server.app | INFO | <module>:68 | ============================================================
2025-11-07 22:25:10 | smartagri_server.app | INFO | <module>:69 | SmartAgri Server Starting...
2025-11-07 22:25:10 | smartagri_server.app | INFO | <module>:70 | GROQ_API_KEY configured: True
2025-11-07 22:25:10 | smartagri_server.app | INFO | <module>:71 | WEATHER_API_KEY configured: True
2025-11-07 22:25:10 | smartagri_server.app | INFO | <module>:72 | ELEVEN_API_KEY configured: True
2025-11-07 22:25:10 | smartagri_server.app | INFO | <module>:73 | ============================================================
2025-11-07 22:25:10 | smartagri_server.app | INFO | <module>:956 | 
============================================================
2025-11-07 22:25:10 | smartagri_server.app | INFO | <module>:958 | ============================================================
2025-11-07 22:25:10 | smartagri_server.app | INFO | <module>:967 | ============================================================

2025-11-07 22:25:11 | smartagri_server.app | INFO | <module>:68 | ============================================================
2025-11-07 22:25:11 | smartagri_server.app | INFO | <module>:69 | SmartAgri Server Starting...
2025-11-07 22:25:11 | smartagri_server.app | INFO | <module>:70 | GROQ_API_KEY configured: True
2025-11-07 22:25:11 | smartagri_server.app | INFO | <module>:71 | WEATHER_API_KEY configured: True
2025-11-07 22:25:11 | smartagri_server.app | INFO | <module>:72 | ELEVEN_API_KEY configured: True
2025-11-07 22:25:11 | smartagri_server.app | INFO | <module>:73 | ============================================================
2025-11-07 22:25:11 | smartagri_server.app | INFO | <module>:956 | 
============================================================
2025-11-07 22:25:11 | smartagri_server.app | INFO | <module>:958 | ============================================================
2025-11-07 22:25:11 | smartagri_server.app | INFO | <module>:967 | ============================================================

2025-11-07 22:37:26 | smartagri.app | INFO | wrapper:135 | [20251107223726483040] /api/chat - Request received
2025-11-07 22:37:26 | smartagri_server.app | INFO | chat:347 | Chat request: hi... (lang: en)
2025-11-07 22:37:26 | smartagri.app | INFO | wrapper:152 | [20251107223726483040] /api/chat - Completed in 4.51ms
2025-11-07 22:37:55 | smartagri.app | INFO | wrapper:135 | [20251107223755075329] /api/chat - Request received
2025-11-07 22:37:55 | smartagri_server.app | INFO | chat:347 | Chat request: hi... (lang: bn)
2025-11-07 22:37:55 | smartagri.app | INFO | wrapper:152 | [20251107223755075329] /api/chat - Completed in 1.01ms
2025-11-07 22:38:12 | smartagri.app | INFO | wrapper:135 | [20251107223812516525] /api/stt - Request received
2025-11-07 22:38:12 | smartagri_server.app | INFO | speech_to_text:408 | Processing speech-to-text request
2025-11-07 22:38:13 | smartagri_server.app | INFO | speech_to_text:419 | STT result:  How are you today?...
2025-11-07 22:38:13 | smartagri.app | INFO | wrapper:152 | [20251107223812516525] /api/stt - Completed in 545.9ms
2025-11-07 22:38:20 | smartagri.app | INFO | wrapper:135 | [20251107223820666839] /api/stt - Request received
2025-11-07 22:38:20 | smartagri_server.app | INFO | speech_to_text:408 | Processing speech-to-text request
2025-11-07 22:38:21 | smartagri_server.app | INFO | speech_to_text:419 | STT result:  How are you today?...
2025-11-07 22:38:21 | smartagri.app | INFO | wrapper:152 | [20251107223820666839] /api/stt - Completed in 442.45ms
2025-11-07 22:38:33 | smartagri.app | INFO | wrapper:135 | [20251107223833693518] /api/stt - Request received
2025-11-07 22:38:33 | smartagri_server.app | INFO | speech_to_text:408 | Processing speech-to-text request
2025-11-07 22:38:34 | smartagri_server.app | INFO | speech_to_text:419 | STT result:  how are you today...
2025-11-07 22:38:34 | smartagri.app | INFO | wrapper:152 | [20251107223833693518] /api/stt - Completed in 406.26ms
2025-11-07 22:38:40 | smartagri.app | INFO | wrapper:135 | [20251107223840267935] /api/stt - Request received
2025-11-07 22:38:40 | smartagri_server.app | INFO | speech_to_text:408 | Processing speech-to-text request
2025-11-07 22:38:40 | smartagri_server.app | INFO | speech_to_text:419 | STT result:  Hi....
2025-11-07 22:38:40 | smartagri.app | INFO | wrapper:152 | [20251107223840267935] /api/stt - Completed in 367.64ms
2025-11-07 22:38:57 | smartagri.app | INFO | wrapper:135 | [20251107223857319902] /api/chat - Request received
2025-11-07 22:38:57 | smartagri_server.app | INFO | chat:347 | Chat request: nomoshkar... (lang: en)
2025-11-07 22:38:57 | smartagri.app | INFO | wrapper:152 | [20251107223857319902] /api/chat - Completed in 2.0ms
2025-11-07 22:39:09 | smartagri.app | INFO | wrapper:135 | [20251107223909364745] /api/chat - Request received
2025-11-07 22:39:09 | smartagri_server.app | INFO | chat:347 | Chat request: nomoshkar... (lang: bn)
2025-11-07 22:39:09 | smartagri.app | INFO | wrapper:152 | [20251107223909364745] /api/chat - Completed in 1.02ms
2025-11-07 22:39:29 | smartagri.app | INFO | wrapper:135 | [20251107223929689539] /api/chat - Request received
2025-11-07 22:39:29 | smartagri_server.app | INFO | chat:347 | Chat request: hi... (lang: bn)
2025-11-07 22:39:29 | smartagri.app | INFO | wrapper:152 | [20251107223929689539] /api/chat - Completed in 1.0ms
2025-11-07 22:39:47 | smartagri.app | INFO | wrapper:135 | [20251107223947293941] /api/chat - Request received
2025-11-07 22:39:47 | smartagri_server.app | INFO | chat:347 | Chat request: How do I prevent pest damage?... (lang: bn)
2025-11-07 22:39:47 | smartagri.app | INFO | wrapper:152 | [20251107223947293941] /api/chat - Completed in 1.01ms
2025-11-07 22:41:06 | smartagri.app | INFO | wrapper:135 | [20251107224106418613] /api/analyze_plant - Request received
2025-11-07 22:41:06 | smartagri_server.app | INFO | analyze_plant:535 | Analyzing plant image: melissa-askew-y4xZxzN754M-unsplash.jpg
2025-11-07 22:41:10 | smartagri_server.app | INFO | analyze_plant:553 | Kindwise API response status: 201
2025-11-07 22:41:10 | smartagri_server.app | INFO | analyze_plant:572 | Kindwise API call successful
2025-11-07 22:41:10 | smartagri.app | INFO | wrapper:152 | [20251107224106418613] /api/analyze_plant - Completed in 3861.14ms
2025-11-07 22:53:36 | smartagri_server.app | INFO | <module>:68 | ============================================================
2025-11-07 22:53:36 | smartagri_server.app | INFO | <module>:69 | SmartAgri Server Starting...
2025-11-07 22:53:36 | smartagri_server.app | INFO | <module>:70 | GROQ_API_KEY configured: True
2025-11-07 22:53:36 | smartagri_server.app | INFO | <module>:71 | WEATHER_API_KEY configured: True
2025-11-07 22:53:36 | smartagri_server.app | INFO | <module>:72 | ELEVEN_API_KEY configured: True
2025-11-07 22:53:36 | smartagri_server.app | INFO | <module>:73 | ============================================================
2025-11-07 22:53:36 | smartagri_server.app | INFO | <module>:956 | 
============================================================
2025-11-07 22:53:36 | smartagri_server.app | INFO | <module>:958 | ============================================================
2025-11-07 22:53:36 | smartagri_server.app | INFO | <module>:967 | ============================================================

2025-11-07 22:53:39 | smartagri_server.app | INFO | <module>:68 | ============================================================
2025-11-07 22:53:39 | smartagri_server.app | INFO | <module>:69 | SmartAgri Server Starting...
2025-11-07 22:53:39 | smartagri_server.app | INFO | <module>:70 | GROQ_API_KEY configured: True
2025-11-07 22:53:39 | smartagri_server.app | INFO | <module>:71 | WEATHER_API_KEY configured: True
2025-11-07 22:53:39 | smartagri_server.app | INFO | <module>:72 | ELEVEN_API_KEY configured: True
2025-11-07 22:53:39 | smartagri_server.app | INFO | <module>:73 | ============================================================
2025-11-07 22:53:40 | smartagri_server.app | INFO | <module>:956 | 
============================================================
2025-11-07 22:53:40 | smartagri_server.app | INFO | <module>:958 | ============================================================
2025-11-07 22:53:40 | smartagri_server.app | INFO | <module>:967 | ============================================================

2025-11-07 22:54:17 | smartagri_server.app | INFO | <module>:68 | ============================================================
2025-11-07 22:54:17 | smartagri_server.app | INFO | <module>:69 | SmartAgri Server Starting...
2025-11-07 22:54:17 | smartagri_server.app | INFO | <module>:70 | GROQ_API_KEY configured: True
2025-11-07 22:54:17 | smartagri_server.app | INFO | <module>:71 | WEATHER_API_KEY configured: True
2025-11-07 22:54:17 | smartagri_server.app | INFO | <module>:72 | ELEVEN_API_KEY configured: True
2025-11-07 22:54:17 | smartagri_server.app | INFO | <module>:73 | ============================================================
2025-11-07 22:54:18 | smartagri_server.app | INFO | <module>:956 | 
============================================================
2025-11-07 22:54:18 | smartagri_server.app | INFO | <module>:958 | ============================================================
2025-11-07 22:54:18 | smartagri_server.app | INFO | <module>:967 | ============================================================

2025-11-07 22:54:37 | smartagri_server.app | INFO | <module>:68 | ============================================================
2025-11-07 22:54:37 | smartagri_server.app | INFO | <module>:69 | SmartAgri Server Starting...
2025-11-07 22:54:37 | smartagri_server.app | INFO | <module>:70 | GROQ_API_KEY configured: True
2025-11-07 22:54:37 | smartagri_server.app | INFO | <module>:71 | WEATHER_API_KEY configured: True
2025-11-07 22:54:37 | smartagri_server.app | INFO | <module>:72 | ELEVEN_API_KEY configured: True
2025-11-07 22:54:37 | smartagri_server.app | INFO | <module>:73 | ============================================================
2025-11-07 22:54:37 | smartagri_server.app | INFO | <module>:956 | 
============================================================
2025-11-07 22:54:37 | smartagri_server.app | INFO | <module>:958 | ============================================================
2025-11-07 22:54:37 | smartagri_server.app | INFO | <module>:967 | ============================================================

2025-11-07 22:56:46 | smartagri_server.app | INFO | <module>:68 | ============================================================
2025-11-07 22:56:46 | smartagri_server.app | INFO | <module>:69 | SmartAgri Server Starting...
2025-11-07 22:56:46 | smartagri_server.app | INFO | <module>:70 | GROQ_API_KEY configured: True
2025-11-07 22:56:46 | smartagri_server.app | INFO | <module>:71 | WEATHER_API_KEY configured: True
2025-11-07 22:56:46 | smartagri_server.app | INFO | <module>:72 | ELEVEN_API_KEY configured: True
2025-11-07 22:56:46 | smartagri_server.app | INFO | <module>:73 | ============================================================
2025-11-07 22:56:46 | smartagri_server.app | INFO | <module>:956 | 
============================================================
2025-11-07 22:56:46 | smartagri_server.app | INFO | <module>:958 | ============================================================
2025-11-07 22:56:46 | smartagri_server.app | INFO | <module>:967 | ============================================================

2025-11-07 22:56:47 | smartagri_server.app | INFO | <module>:68 | ============================================================
2025-11-07 22:56:47 | smartagri_server.app | INFO | <module>:69 | SmartAgri Server Starting...
2025-11-07 22:56:47 | smartagri_server.app | INFO | <module>:70 | GROQ_API_KEY configured: True
2025-11-07 22:56:47 | smartagri_server.app | INFO | <module>:71 | WEATHER_API_KEY configured: True
2025-11-07 22:56:47 | smartagri_server.app | INFO | <module>:72 | ELEVEN_API_KEY configured: True
2025-11-07 22:56:47 | smartagri_server.app | INFO | <module>:73 | ============================================================
2025-11-07 22:56:47 | smartagri_server.app | INFO | <module>:956 | 
============================================================
2025-11-07 22:56:47 | smartagri_server.app | INFO | <module>:958 | ============================================================
2025-11-07 22:56:47 | smartagri_server.app | INFO | <module>:967 | ============================================================

2025-11-07 22:58:15 | smartagri.app | INFO | wrapper:135 | [20251107225815210129] /api/chat - Request received
2025-11-07 22:58:15 | smartagri_server.app | INFO | chat:347 | Chat request: hi... (lang: en)
2025-11-07 22:58:15 | smartagri.app | INFO | wrapper:152 | [20251107225815210129] /api/chat - Completed in 2.0ms
2025-11-07 22:58:46 | smartagri.app | INFO | wrapper:135 | [20251107225846843103] /api/recommend_crop - Request received
2025-11-07 22:58:46 | smartagri.app | INFO | wrapper:152 | [20251107225846843103] /api/recommend_crop - Completed in 0.94ms
2025-11-07 22:58:46 | smartagri.app | INFO | wrapper:135 | [20251107225846848186] /api/recommend_crop - Request received
2025-11-07 22:58:46 | smartagri_server.app | INFO | recommend_crop:731 | Crop recommendation request for data: {'N': 90, 'P': 42, 'K': 43, 'temperature': 20, 'humidity': 82, 'ph': 7, 'rainfall': 202}
2025-11-07 22:58:46 | smartagri_server.app | WARNING | recommend_crop:820 | Crop model not loaded, using fallback recommendations.
2025-11-07 22:58:46 | smartagri_server.app | INFO | get_fallback_recommendations:172 | Generating SMARTER fallback for N:90.0, P:42.0, K:43.0, T:20.0, H:82.0, R:202.0
2025-11-07 22:58:46 | smartagri.app | INFO | wrapper:152 | [20251107225846848186] /api/recommend_crop - Completed in 4.19ms
2025-11-07 22:59:07 | smartagri.app | INFO | wrapper:135 | [20251107225907871529] /api/recommend_crop - Request received
2025-11-07 22:59:07 | smartagri.app | INFO | wrapper:152 | [20251107225907871529] /api/recommend_crop - Completed in 1.0ms
2025-11-07 22:59:07 | smartagri.app | INFO | wrapper:135 | [20251107225907879392] /api/recommend_crop - Request received
2025-11-07 22:59:07 | smartagri_server.app | INFO | recommend_crop:731 | Crop recommendation request for data: {'N': 70, 'P': 42, 'K': 0, 'temperature': 20, 'humidity': 82, 'ph': 9, 'rainfall': 80}
2025-11-07 22:59:07 | smartagri_server.app | WARNING | recommend_crop:820 | Crop model not loaded, using fallback recommendations.
2025-11-07 22:59:07 | smartagri_server.app | INFO | get_fallback_recommendations:172 | Generating SMARTER fallback for N:70.0, P:42.0, K:0.0, T:20.0, H:82.0, R:80.0
2025-11-07 22:59:07 | smartagri.app | INFO | wrapper:152 | [20251107225907879392] /api/recommend_crop - Completed in 4.53ms
2025-11-07 22:59:21 | smartagri.app | INFO | wrapper:135 | [20251107225921648321] /api/recommend_crop - Request received
2025-11-07 22:59:21 | smartagri.app | INFO | wrapper:152 | [20251107225921648321] /api/recommend_crop - Completed in 1.0ms
2025-11-07 22:59:21 | smartagri.app | INFO | wrapper:135 | [20251107225921654334] /api/recommend_crop - Request received
2025-11-07 22:59:21 | smartagri_server.app | INFO | recommend_crop:731 | Crop recommendation request for data: {'N': 70, 'P': 42, 'K': 0, 'temperature': 70, 'humidity': 82, 'ph': 9, 'rainfall': 0}
2025-11-07 22:59:21 | smartagri_server.app | WARNING | recommend_crop:820 | Crop model not loaded, using fallback recommendations.
2025-11-07 22:59:21 | smartagri_server.app | INFO | get_fallback_recommendations:172 | Generating SMARTER fallback for N:70.0, P:42.0, K:0.0, T:70.0, H:82.0, R:0.0
2025-11-07 22:59:21 | smartagri.app | INFO | wrapper:152 | [20251107225921654334] /api/recommend_crop - Completed in 5.59ms
2025-11-07 22:59:36 | smartagri.app | INFO | wrapper:135 | [20251107225936384312] /api/recommend_crop - Request received
2025-11-07 22:59:36 | smartagri.app | INFO | wrapper:152 | [20251107225936384312] /api/recommend_crop - Completed in 0.0ms
2025-11-07 22:59:36 | smartagri.app | INFO | wrapper:135 | [20251107225936387326] /api/recommend_crop - Request received
2025-11-07 22:59:36 | smartagri_server.app | INFO | recommend_crop:731 | Crop recommendation request for data: {'N': 70, 'P': 9, 'K': 0, 'temperature': 70, 'humidity': 60, 'ph': 9, 'rainfall': 0}
2025-11-07 22:59:36 | smartagri_server.app | WARNING | recommend_crop:820 | Crop model not loaded, using fallback recommendations.
2025-11-07 22:59:36 | smartagri_server.app | INFO | get_fallback_recommendations:172 | Generating SMARTER fallback for N:70.0, P:9.0, K:0.0, T:70.0, H:60.0, R:0.0
2025-11-07 22:59:36 | smartagri.app | INFO | wrapper:152 | [20251107225936387326] /api/recommend_crop - Completed in 2.91ms
2025-11-08 16:11:34 | smartagri_server.app | INFO | <module>:68 | ============================================================
2025-11-08 16:11:34 | smartagri_server.app | INFO | <module>:69 | SmartAgri Server Starting...
2025-11-08 16:11:34 | smartagri_server.app | INFO | <module>:70 | GROQ_API_KEY configured: True
2025-11-08 16:11:34 | smartagri_server.app | INFO | <module>:71 | WEATHER_API_KEY configured: True
2025-11-08 16:11:34 | smartagri_server.app | INFO | <module>:72 | ELEVEN_API_KEY configured: True
2025-11-08 16:11:34 | smartagri_server.app | INFO | <module>:73 | ============================================================
2025-11-08 16:11:34 | smartagri_server.app | INFO | <module>:956 | 
============================================================
2025-11-08 16:11:34 | smartagri_server.app | INFO | <module>:958 | ============================================================
2025-11-08 16:11:34 | smartagri_server.app | INFO | <module>:967 | ============================================================

2025-11-08 16:11:35 | smartagri_server.app | INFO | <module>:68 | ============================================================
2025-11-08 16:11:35 | smartagri_server.app | INFO | <module>:69 | SmartAgri Server Starting...
2025-11-08 16:11:35 | smartagri_server.app | INFO | <module>:70 | GROQ_API_KEY configured: True
2025-11-08 16:11:35 | smartagri_server.app | INFO | <module>:71 | WEATHER_API_KEY configured: True
2025-11-08 16:11:35 | smartagri_server.app | INFO | <module>:72 | ELEVEN_API_KEY configured: True
2025-11-08 16:11:35 | smartagri_server.app | INFO | <module>:73 | ============================================================
2025-11-08 16:11:35 | smartagri_server.app | INFO | <module>:956 | 
============================================================
2025-11-08 16:11:35 | smartagri_server.app | INFO | <module>:958 | ============================================================
2025-11-08 16:11:35 | smartagri_server.app | INFO | <module>:967 | ============================================================

2025-11-08 16:13:02 | smartagri.app | INFO | wrapper:135 | [20251108161302446586] /api/chat - Request received
2025-11-08 16:13:02 | smartagri_server.app | INFO | chat:347 | Chat request: hii any... (lang: en)
2025-11-08 16:13:02 | smartagri.app | INFO | wrapper:152 | [20251108161302446586] /api/chat - Completed in 13.71ms
2025-11-08 16:13:10 | smartagri.app | INFO | wrapper:135 | [20251108161310942066] /api/stt - Request received
2025-11-08 16:13:11 | smartagri_server.app | INFO | speech_to_text:408 | Processing speech-to-text request
2025-11-08 16:13:14 | smartagri_server.app | INFO | speech_to_text:419 | STT result:  Until later!...
2025-11-08 16:13:14 | smartagri.app | INFO | wrapper:152 | [20251108161310942066] /api/stt - Completed in 3897.08ms
2025-11-08 16:15:53 | smartagri.app | INFO | wrapper:135 | [20251108161553838496] /api/chat - Request received
2025-11-08 16:15:53 | smartagri_server.app | INFO | chat:347 | Chat request: nomoskar... (lang: bn)
2025-11-08 16:15:53 | smartagri.app | INFO | wrapper:152 | [20251108161553838496] /api/chat - Completed in 6.74ms
2025-11-08 16:16:48 | smartagri.app | INFO | wrapper:135 | [20251108161648534144] /api/chat - Request received
2025-11-08 16:16:48 | smartagri_server.app | INFO | chat:347 | Chat request: gorom kemon... (lang: bn)
2025-11-08 16:16:48 | smartagri.app | INFO | wrapper:152 | [20251108161648534144] /api/chat - Completed in 5.98ms
2025-11-08 16:17:45 | smartagri.app | INFO | wrapper:135 | [20251108161745222719] /api/chat - Request received
2025-11-08 16:17:45 | smartagri_server.app | INFO | chat:347 | Chat request: abohawa r bepare kichub olun... (lang: bn)
2025-11-08 16:17:45 | smartagri.app | INFO | wrapper:152 | [20251108161745222719] /api/chat - Completed in 0.0ms
2025-11-08 16:18:19 | smartagri.app | INFO | wrapper:135 | [20251108161819841843] /api/chat - Request received
2025-11-08 16:18:19 | smartagri_server.app | INFO | chat:347 | Chat request: temperature... (lang: bn)
2025-11-08 16:18:19 | smartagri.app | INFO | wrapper:152 | [20251108161819841843] /api/chat - Completed in 0.0ms
2025-11-08 16:18:48 | smartagri.app | INFO | wrapper:135 | [20251108161848007816] /api/chat - Request received
2025-11-08 16:18:48 | smartagri_server.app | INFO | chat:347 | Chat request: temperature in kashmir... (lang: bn)
2025-11-08 16:18:48 | smartagri.app | INFO | wrapper:152 | [20251108161848007816] /api/chat - Completed in 0.0ms
2025-11-08 16:19:50 | smartagri.app | INFO | wrapper:135 | [20251108161950927889] /api/recommend_crop - Request received
2025-11-08 16:19:50 | smartagri.app | INFO | wrapper:152 | [20251108161950927889] /api/recommend_crop - Completed in 1.55ms
2025-11-08 16:19:50 | smartagri.app | INFO | wrapper:135 | [20251108161950935734] /api/recommend_crop - Request received
2025-11-08 16:19:50 | smartagri_server.app | INFO | recommend_crop:731 | Crop recommendation request for data: {'N': 90, 'P': 42, 'K': 43, 'temperature': 20, 'humidity': 82, 'ph': 7, 'rainfall': 202}
2025-11-08 16:19:50 | smartagri_server.app | WARNING | recommend_crop:820 | Crop model not loaded, using fallback recommendations.
2025-11-08 16:19:51 | smartagri_server.app | INFO | get_fallback_recommendations:172 | Generating SMARTER fallback for N:90.0, P:42.0, K:43.0, T:20.0, H:82.0, R:202.0
2025-11-08 16:19:51 | smartagri.app | INFO | wrapper:152 | [20251108161950935734] /api/recommend_crop - Completed in 130.84ms
2025-11-08 16:19:56 | smartagri.app | INFO | wrapper:135 | [20251108161956222208] /api/recommend_crop - Request received
2025-11-08 16:19:56 | smartagri.app | INFO | wrapper:152 | [20251108161956222208] /api/recommend_crop - Completed in 0.0ms
2025-11-08 16:19:56 | smartagri.app | INFO | wrapper:135 | [20251108161956229628] /api/recommend_crop - Request received
2025-11-08 16:19:56 | smartagri_server.app | INFO | recommend_crop:731 | Crop recommendation request for data: {'N': 90, 'P': 42, 'K': 43, 'temperature': 20, 'humidity': 82, 'ph': 7, 'rainfall': 0}
2025-11-08 16:19:56 | smartagri_server.app | WARNING | recommend_crop:820 | Crop model not loaded, using fallback recommendations.
2025-11-08 16:19:56 | smartagri_server.app | INFO | get_fallback_recommendations:172 | Generating SMARTER fallback for N:90.0, P:42.0, K:43.0, T:20.0, H:82.0, R:0.0
2025-11-08 16:19:56 | smartagri.app | INFO | wrapper:152 | [20251108161956229628] /api/recommend_crop - Completed in 27.45ms
2025-11-08 16:20:08 | smartagri.app | INFO | wrapper:135 | [20251108162008507642] /api/recommend_crop - Request received
2025-11-08 16:20:08 | smartagri.app | INFO | wrapper:152 | [20251108162008507642] /api/recommend_crop - Completed in 0.0ms
2025-11-08 16:20:08 | smartagri.app | INFO | wrapper:135 | [20251108162008517829] /api/recommend_crop - Request received
2025-11-08 16:20:08 | smartagri_server.app | INFO | recommend_crop:731 | Crop recommendation request for data: {'N': 0, 'P': 42, 'K': 43, 'temperature': 20, 'humidity': 82, 'ph': 7, 'rainfall': 0}
2025-11-08 16:20:08 | smartagri_server.app | WARNING | recommend_crop:820 | Crop model not loaded, using fallback recommendations.
2025-11-08 16:20:08 | smartagri_server.app | INFO | get_fallback_recommendations:172 | Generating SMARTER fallback for N:0.0, P:42.0, K:43.0, T:20.0, H:82.0, R:0.0
2025-11-08 16:20:08 | smartagri.app | INFO | wrapper:152 | [20251108162008517829] /api/recommend_crop - Completed in 10.62ms
2025-11-08 19:10:56 | smartagri_server.app | INFO | <module>:68 | ============================================================
2025-11-08 19:10:56 | smartagri_server.app | INFO | <module>:69 | SmartAgri Server Starting...
2025-11-08 19:10:56 | smartagri_server.app | INFO | <module>:70 | GROQ_API_KEY configured: True
2025-11-08 19:10:56 | smartagri_server.app | INFO | <module>:71 | WEATHER_API_KEY configured: True
2025-11-08 19:10:56 | smartagri_server.app | INFO | <module>:72 | ELEVEN_API_KEY configured: True
2025-11-08 19:10:56 | smartagri_server.app | INFO | <module>:73 | ============================================================
2025-11-08 19:10:56 | smartagri_server.app | INFO | <module>:956 | 
============================================================
2025-11-08 19:10:56 | smartagri_server.app | INFO | <module>:958 | ============================================================
2025-11-08 19:10:56 | smartagri_server.app | INFO | <module>:967 | ============================================================

2025-11-08 19:10:58 | smartagri_server.app | INFO | <module>:68 | ============================================================
2025-11-08 19:10:58 | smartagri_server.app | INFO | <module>:69 | SmartAgri Server Starting...
2025-11-08 19:10:58 | smartagri_server.app | INFO | <module>:70 | GROQ_API_KEY configured: True
2025-11-08 19:10:58 | smartagri_server.app | INFO | <module>:71 | WEATHER_API_KEY configured: True
2025-11-08 19:10:58 | smartagri_server.app | INFO | <module>:72 | ELEVEN_API_KEY configured: True
2025-11-08 19:10:58 | smartagri_server.app | INFO | <module>:73 | ============================================================
2025-11-08 19:10:58 | smartagri_server.app | INFO | <module>:956 | 
============================================================
2025-11-08 19:10:58 | smartagri_server.app | INFO | <module>:958 | ============================================================
2025-11-08 19:10:58 | smartagri_server.app | INFO | <module>:967 | ============================================================

2025-11-08 19:12:42 | smartagri.app | INFO | wrapper:135 | [20251108191242367151] /api/analyze_plant - Request received
2025-11-08 19:12:42 | smartagri_server.app | INFO | analyze_plant:535 | Analyzing plant image: melissa-askew-y4xZxzN754M-unsplash.jpg
2025-11-08 19:12:51 | smartagri_server.app | INFO | analyze_plant:553 | Kindwise API response status: 201
2025-11-08 19:12:51 | smartagri_server.app | INFO | analyze_plant:572 | Kindwise API call successful
2025-11-08 19:12:51 | smartagri.app | INFO | wrapper:152 | [20251108191242367151] /api/analyze_plant - Completed in 8649.19ms
2025-11-08 19:14:27 | smartagri.app | INFO | wrapper:135 | [20251108191427677890] /api/chat - Request received
2025-11-08 19:14:27 | smartagri_server.app | INFO | chat:347 | Chat request: hi... (lang: en)
2025-11-08 19:14:27 | smartagri.app | INFO | wrapper:152 | [20251108191427677890] /api/chat - Completed in 0.0ms
2025-11-08 19:14:40 | smartagri.app | INFO | wrapper:135 | [20251108191440386393] /api/chat - Request received
2025-11-08 19:14:40 | smartagri_server.app | INFO | chat:347 | Chat request: hi... (lang: hi)
2025-11-08 19:14:40 | smartagri.app | INFO | wrapper:152 | [20251108191440386393] /api/chat - Completed in 11.6ms
2025-11-08 19:14:56 | smartagri.app | INFO | wrapper:135 | [20251108191456473670] /api/chat - Request received
2025-11-08 19:14:56 | smartagri_server.app | INFO | chat:347 | Chat request: hi... (lang: bn)
2025-11-08 19:14:56 | smartagri.app | INFO | wrapper:152 | [20251108191456473670] /api/chat - Completed in 3.32ms
2025-11-08 19:20:48 | smartagri_server.app | INFO | <module>:68 | ============================================================
2025-11-08 19:20:48 | smartagri_server.app | INFO | <module>:69 | SmartAgri Server Starting...
2025-11-08 19:20:48 | smartagri_server.app | INFO | <module>:70 | GROQ_API_KEY configured: True
2025-11-08 19:20:48 | smartagri_server.app | INFO | <module>:71 | WEATHER_API_KEY configured: True
2025-11-08 19:20:48 | smartagri_server.app | INFO | <module>:72 | ELEVEN_API_KEY configured: True
2025-11-08 19:20:48 | smartagri_server.app | INFO | <module>:73 | ============================================================
2025-11-08 19:20:48 | smartagri_server.app | INFO | <module>:956 | 
============================================================
2025-11-08 19:20:48 | smartagri_server.app | INFO | <module>:958 | ============================================================
2025-11-08 19:20:48 | smartagri_server.app | INFO | <module>:967 | ============================================================

2025-11-08 19:20:51 | smartagri_server.app | INFO | <module>:68 | ============================================================
2025-11-08 19:20:51 | smartagri_server.app | INFO | <module>:69 | SmartAgri Server Starting...
2025-11-08 19:20:51 | smartagri_server.app | INFO | <module>:70 | GROQ_API_KEY configured: True
2025-11-08 19:20:51 | smartagri_server.app | INFO | <module>:71 | WEATHER_API_KEY configured: True
2025-11-08 19:20:51 | smartagri_server.app | INFO | <module>:72 | ELEVEN_API_KEY configured: True
2025-11-08 19:20:51 | smartagri_server.app | INFO | <module>:73 | ============================================================
2025-11-08 19:20:51 | smartagri_server.app | INFO | <module>:956 | 
============================================================
2025-11-08 19:20:51 | smartagri_server.app | INFO | <module>:958 | ============================================================
2025-11-08 19:20:51 | smartagri_server.app | INFO | <module>:967 | ============================================================

2025-11-08 19:20:54 | smartagri_server.app | INFO | <module>:68 | ============================================================
2025-11-08 19:20:54 | smartagri_server.app | INFO | <module>:69 | SmartAgri Server Starting...
2025-11-08 19:20:54 | smartagri_server.app | INFO | <module>:70 | GROQ_API_KEY configured: True
2025-11-08 19:20:54 | smartagri_server.app | INFO | <module>:71 | WEATHER_API_KEY configured: True
2025-11-08 19:20:54 | smartagri_server.app | INFO | <module>:72 | ELEVEN_API_KEY configured: True
2025-11-08 19:20:54 | smartagri_server.app | INFO | <module>:73 | ============================================================
2025-11-08 19:20:54 | smartagri_server.app | INFO | <module>:956 | 
============================================================
2025-11-08 19:20:54 | smartagri_server.app | INFO | <module>:958 | ============================================================
2025-11-08 19:20:54 | smartagri_server.app | INFO | <module>:967 | ============================================================

2025-11-08 19:21:10 | smartagri_server.app | INFO | <module>:68 | ============================================================
2025-11-08 19:21:10 | smartagri_server.app | INFO | <module>:69 | SmartAgri Server Starting...
2025-11-08 19:21:10 | smartagri_server.app | INFO | <module>:70 | GROQ_API_KEY configured: True
2025-11-08 19:21:10 | smartagri_server.app | INFO | <module>:71 | WEATHER_API_KEY configured: True
2025-11-08 19:21:10 | smartagri_server.app | INFO | <module>:72 | ELEVEN_API_KEY configured: True
2025-11-08 19:21:10 | smartagri_server.app | INFO | <module>:73 | ============================================================
2025-11-08 19:21:10 | smartagri_server.app | INFO | <module>:956 | 
============================================================
2025-11-08 19:21:10 | smartagri_server.app | INFO | <module>:958 | ============================================================
2025-11-08 19:21:10 | smartagri_server.app | INFO | <module>:967 | ============================================================

2025-11-08 19:21:19 | smartagri_server.app | INFO | <module>:68 | ============================================================
2025-11-08 19:21:19 | smartagri_server.app | INFO | <module>:69 | SmartAgri Server Starting...
2025-11-08 19:21:19 | smartagri_server.app | INFO | <module>:70 | GROQ_API_KEY configured: True
2025-11-08 19:21:19 | smartagri_server.app | INFO | <module>:71 | WEATHER_API_KEY configured: True
2025-11-08 19:21:19 | smartagri_server.app | INFO | <module>:72 | ELEVEN_API_KEY configured: True
2025-11-08 19:21:19 | smartagri_server.app | INFO | <module>:73 | ============================================================
2025-11-08 19:21:19 | smartagri_server.app | INFO | <module>:956 | 
============================================================
2025-11-08 19:21:19 | smartagri_server.app | INFO | <module>:958 | ============================================================
2025-11-08 19:21:19 | smartagri_server.app | INFO | <module>:967 | ============================================================

2025-11-08 19:22:00 | smartagri_server.app | INFO | <module>:68 | ============================================================
2025-11-08 19:22:00 | smartagri_server.app | INFO | <module>:69 | SmartAgri Server Starting...
2025-11-08 19:22:00 | smartagri_server.app | INFO | <module>:70 | GROQ_API_KEY configured: True
2025-11-08 19:22:00 | smartagri_server.app | INFO | <module>:71 | WEATHER_API_KEY configured: True
2025-11-08 19:22:00 | smartagri_server.app | INFO | <module>:72 | ELEVEN_API_KEY configured: True
2025-11-08 19:22:00 | smartagri_server.app | INFO | <module>:73 | ============================================================
2025-11-08 19:22:00 | smartagri_server.app | INFO | <module>:956 | 
============================================================
2025-11-08 19:22:00 | smartagri_server.app | INFO | <module>:958 | ============================================================
2025-11-08 19:22:00 | smartagri_server.app | INFO | <module>:967 | ============================================================

2025-11-09 12:51:51 | smartagri_server.app | INFO | <module>:68 | ============================================================
2025-11-09 12:51:51 | smartagri_server.app | INFO | <module>:69 | SmartAgri Server Starting...
2025-11-09 12:51:51 | smartagri_server.app | INFO | <module>:70 | GROQ_API_KEY configured: True
2025-11-09 12:51:51 | smartagri_server.app | INFO | <module>:71 | WEATHER_API_KEY configured: True
2025-11-09 12:51:51 | smartagri_server.app | INFO | <module>:72 | ELEVEN_API_KEY configured: True
2025-11-09 12:51:51 | smartagri_server.app | INFO | <module>:73 | ============================================================
2025-11-09 12:51:52 | smartagri_server.app | INFO | <module>:956 | 
============================================================
2025-11-09 12:51:52 | smartagri_server.app | INFO | <module>:958 | ============================================================
2025-11-09 12:51:52 | smartagri_server.app | INFO | <module>:967 | ============================================================

2025-11-09 12:51:53 | smartagri_server.app | INFO | <module>:68 | ============================================================
2025-11-09 12:51:53 | smartagri_server.app | INFO | <module>:69 | SmartAgri Server Starting...
2025-11-09 12:51:53 | smartagri_server.app | INFO | <module>:70 | GROQ_API_KEY configured: True
2025-11-09 12:51:53 | smartagri_server.app | INFO | <module>:71 | WEATHER_API_KEY configured: True
2025-11-09 12:51:53 | smartagri_server.app | INFO | <module>:72 | ELEVEN_API_KEY configured: True
2025-11-09 12:51:53 | smartagri_server.app | INFO | <module>:73 | ============================================================
2025-11-09 12:51:53 | smartagri_server.app | INFO | <module>:956 | 
============================================================
2025-11-09 12:51:53 | smartagri_server.app | INFO | <module>:958 | ============================================================
2025-11-09 12:51:53 | smartagri_server.app | INFO | <module>:967 | ============================================================

2025-11-09 12:52:05 | smartagri.app | INFO | wrapper:135 | [20251109125205883685] /api/chat - Request received
2025-11-09 12:52:05 | smartagri_server.app | INFO | chat:347 | Chat request: What crops grow best in my region?... (lang: en)
2025-11-09 12:52:05 | smartagri.app | INFO | wrapper:152 | [20251109125205883685] /api/chat - Completed in 9.7ms
2026-03-12 19:00:44 | smartagri_server.app | INFO | <module>:68 | ============================================================
2026-03-12 19:00:44 | smartagri_server.app | INFO | <module>:69 | SmartAgri Server Starting...
2026-03-12 19:00:44 | smartagri_server.app | INFO | <module>:70 | GROQ_API_KEY configured: True
2026-03-12 19:00:44 | smartagri_server.app | INFO | <module>:71 | WEATHER_API_KEY configured: True
2026-03-12 19:00:44 | smartagri_server.app | INFO | <module>:72 | ELEVEN_API_KEY configured: True
2026-03-12 19:00:44 | smartagri_server.app | INFO | <module>:73 | ============================================================
2026-03-12 19:00:44 | smartagri_server.app | INFO | <module>:909 | 
============================================================
2026-03-12 19:00:44 | smartagri_server.app | INFO | <module>:911 | ============================================================
2026-03-12 19:00:44 | smartagri_server.app | INFO | <module>:920 | ============================================================

2026-03-12 19:00:45 | smartagri_server.app | INFO | <module>:68 | ============================================================
2026-03-12 19:00:45 | smartagri_server.app | INFO | <module>:69 | SmartAgri Server Starting...
2026-03-12 19:00:45 | smartagri_server.app | INFO | <module>:70 | GROQ_API_KEY configured: True
2026-03-12 19:00:45 | smartagri_server.app | INFO | <module>:71 | WEATHER_API_KEY configured: True
2026-03-12 19:00:45 | smartagri_server.app | INFO | <module>:72 | ELEVEN_API_KEY configured: True
2026-03-12 19:00:45 | smartagri_server.app | INFO | <module>:73 | ============================================================
2026-03-12 19:00:45 | smartagri_server.app | INFO | <module>:909 | 
============================================================
2026-03-12 19:00:45 | smartagri_server.app | INFO | <module>:911 | ============================================================
2026-03-12 19:00:45 | smartagri_server.app | INFO | <module>:920 | ============================================================

2026-03-12 19:12:23 | smartagri_server.app | INFO | <module>:68 | ============================================================
2026-03-12 19:12:23 | smartagri_server.app | INFO | <module>:69 | SmartAgri Server Starting...
2026-03-12 19:12:23 | smartagri_server.app | INFO | <module>:70 | GROQ_API_KEY configured: True
2026-03-12 19:12:23 | smartagri_server.app | INFO | <module>:71 | WEATHER_API_KEY configured: True
2026-03-12 19:12:23 | smartagri_server.app | INFO | <module>:72 | ELEVEN_API_KEY configured: True
2026-03-12 19:12:23 | smartagri_server.app | INFO | <module>:73 | ============================================================
2026-03-12 19:12:23 | smartagri_server.app | INFO | <module>:909 | 
============================================================
2026-03-12 19:12:23 | smartagri_server.app | INFO | <module>:911 | ============================================================
2026-03-12 19:12:23 | smartagri_server.app | INFO | <module>:920 | ============================================================

2026-03-12 19:12:24 | smartagri_server.app | INFO | <module>:68 | ============================================================
2026-03-12 19:12:24 | smartagri_server.app | INFO | <module>:69 | SmartAgri Server Starting...
2026-03-12 19:12:24 | smartagri_server.app | INFO | <module>:70 | GROQ_API_KEY configured: True
2026-03-12 19:12:24 | smartagri_server.app | INFO | <module>:71 | WEATHER_API_KEY configured: True
2026-03-12 19:12:24 | smartagri_server.app | INFO | <module>:72 | ELEVEN_API_KEY configured: True
2026-03-12 19:12:24 | smartagri_server.app | INFO | <module>:73 | ============================================================
2026-03-12 19:12:24 | smartagri_server.app | INFO | <module>:909 | 
============================================================
2026-03-12 19:12:24 | smartagri_server.app | INFO | <module>:911 | ============================================================
2026-03-12 19:12:24 | smartagri_server.app | INFO | <module>:920 | ============================================================

2026-03-12 19:12:54 | smartagri.app | INFO | wrapper:135 | [20260312191254403177] /api/chat - Request received
2026-03-12 19:12:54 | smartagri_server.app | INFO | chat:347 | Chat request: How to control aphids naturally?... (lang: en)
2026-03-12 19:12:54 | smartagri.app | INFO | wrapper:152 | [20260312191254403177] /api/chat - Completed in 3.13ms
2026-03-12 19:14:20 | smartagri_server.app | INFO | <module>:68 | ============================================================
2026-03-12 19:14:20 | smartagri_server.app | INFO | <module>:69 | SmartAgri Server Starting...
2026-03-12 19:14:20 | smartagri_server.app | INFO | <module>:70 | GROQ_API_KEY configured: True
2026-03-12 19:14:20 | smartagri_server.app | INFO | <module>:71 | WEATHER_API_KEY configured: True
2026-03-12 19:14:20 | smartagri_server.app | INFO | <module>:72 | ELEVEN_API_KEY configured: True
2026-03-12 19:14:20 | smartagri_server.app | INFO | <module>:73 | ============================================================
2026-03-12 19:14:20 | smartagri_server.app | INFO | <module>:909 | 
============================================================
2026-03-12 19:14:20 | smartagri_server.app | INFO | <module>:911 | ============================================================
2026-03-12 19:14:20 | smartagri_server.app | INFO | <module>:920 | ============================================================

2026-03-12 19:14:21 | smartagri_server.app | INFO | <module>:68 | ============================================================
2026-03-12 19:14:21 | smartagri_server.app | INFO | <module>:69 | SmartAgri Server Starting...
2026-03-12 19:14:21 | smartagri_server.app | INFO | <module>:70 | GROQ_API_KEY configured: True
2026-03-12 19:14:21 | smartagri_server.app | INFO | <module>:71 | WEATHER_API_KEY configured: True
2026-03-12 19:14:21 | smartagri_server.app | INFO | <module>:72 | ELEVEN_API_KEY configured: True
2026-03-12 19:14:21 | smartagri_server.app | INFO | <module>:73 | ============================================================
2026-03-12 19:14:21 | smartagri_server.app | INFO | <module>:909 | 
============================================================
2026-03-12 19:14:21 | smartagri_server.app | INFO | <module>:911 | ============================================================
2026-03-12 19:14:21 | smartagri_server.app | INFO | <module>:920 | ============================================================

2026-03-12 19:16:02 | smartagri_server.app | INFO | <module>:68 | ============================================================
2026-03-12 19:16:02 | smartagri_server.app | INFO | <module>:69 | SmartAgri Server Starting...
2026-03-12 19:16:02 | smartagri_server.app | INFO | <module>:70 | GROQ_API_KEY configured: True
2026-03-12 19:16:02 | smartagri_server.app | INFO | <module>:71 | WEATHER_API_KEY configured: True
2026-03-12 19:16:02 | smartagri_server.app | INFO | <module>:72 | ELEVEN_API_KEY configured: True
2026-03-12 19:16:02 | smartagri_server.app | INFO | <module>:73 | ============================================================
2026-03-12 19:16:02 | smartagri_server.app | INFO | <module>:909 | 
============================================================
2026-03-12 19:16:02 | smartagri_server.app | INFO | <module>:911 | ============================================================
2026-03-12 19:16:02 | smartagri_server.app | INFO | <module>:920 | ============================================================

2026-03-12 19:31:19 | smartagri_server.app | INFO | <module>:72 | ============================================================
2026-03-12 19:31:19 | smartagri_server.app | INFO | <module>:73 | SmartAgri Server Starting...
2026-03-12 19:31:19 | smartagri_server.app | INFO | <module>:74 | GROQ_API_KEY configured: True
2026-03-12 19:31:19 | smartagri_server.app | INFO | <module>:75 | WEATHER_API_KEY configured: True
2026-03-12 19:31:19 | smartagri_server.app | INFO | <module>:76 | ELEVEN_API_KEY configured: True
2026-03-12 19:31:19 | smartagri_server.app | INFO | <module>:77 | ============================================================
2026-03-12 19:31:19 | smartagri_server.app | INFO | <module>:915 | 
============================================================
2026-03-12 19:31:19 | smartagri_server.app | INFO | <module>:917 | ============================================================
2026-03-12 19:31:19 | smartagri_server.app | INFO | <module>:926 | ============================================================

2026-03-12 19:31:20 | smartagri_server.app | INFO | <module>:72 | ============================================================
2026-03-12 19:31:20 | smartagri_server.app | INFO | <module>:73 | SmartAgri Server Starting...
2026-03-12 19:31:20 | smartagri_server.app | INFO | <module>:74 | GROQ_API_KEY configured: True
2026-03-12 19:31:20 | smartagri_server.app | INFO | <module>:75 | WEATHER_API_KEY configured: True
2026-03-12 19:31:20 | smartagri_server.app | INFO | <module>:76 | ELEVEN_API_KEY configured: True
2026-03-12 19:31:20 | smartagri_server.app | INFO | <module>:77 | ============================================================
2026-03-12 19:31:20 | smartagri_server.app | INFO | <module>:915 | 
============================================================
2026-03-12 19:31:20 | smartagri_server.app | INFO | <module>:917 | ============================================================
2026-03-12 19:31:20 | smartagri_server.app | INFO | <module>:926 | ============================================================

2026-03-15 22:29:33 | smartagri_server.app | INFO | <module>:72 | ============================================================
2026-03-15 22:29:33 | smartagri_server.app | INFO | <module>:73 | SmartAgri Server Starting...
2026-03-15 22:29:33 | smartagri_server.app | INFO | <module>:74 | GROQ_API_KEY configured: True
2026-03-15 22:29:33 | smartagri_server.app | INFO | <module>:75 | WEATHER_API_KEY configured: True
2026-03-15 22:29:33 | smartagri_server.app | INFO | <module>:76 | ELEVEN_API_KEY configured: True
2026-03-15 22:29:33 | smartagri_server.app | INFO | <module>:77 | ============================================================
2026-03-15 22:29:33 | smartagri_server.app | INFO | <module>:914 | 
============================================================
2026-03-15 22:29:33 | smartagri_server.app | INFO | <module>:916 | ============================================================
2026-03-15 22:29:33 | smartagri_server.app | INFO | <module>:925 | ============================================================

2026-03-15 22:29:34 | smartagri_server.app | INFO | <module>:72 | ============================================================
2026-03-15 22:29:34 | smartagri_server.app | INFO | <module>:73 | SmartAgri Server Starting...
2026-03-15 22:29:34 | smartagri_server.app | INFO | <module>:74 | GROQ_API_KEY configured: True
2026-03-15 22:29:34 | smartagri_server.app | INFO | <module>:75 | WEATHER_API_KEY configured: True
2026-03-15 22:29:34 | smartagri_server.app | INFO | <module>:76 | ELEVEN_API_KEY configured: True
2026-03-15 22:29:34 | smartagri_server.app | INFO | <module>:77 | ============================================================
2026-03-15 22:29:34 | smartagri_server.app | INFO | <module>:914 | 
============================================================
2026-03-15 22:29:34 | smartagri_server.app | INFO | <module>:916 | ============================================================
2026-03-15 22:29:34 | smartagri_server.app | INFO | <module>:925 | ============================================================

2026-03-15 22:31:17 | smartagri_server.app | INFO | <module>:72 | ============================================================
2026-03-15 22:31:17 | smartagri_server.app | INFO | <module>:73 | SmartAgri Server Starting...
2026-03-15 22:31:17 | smartagri_server.app | INFO | <module>:74 | GROQ_API_KEY configured: True
2026-03-15 22:31:17 | smartagri_server.app | INFO | <module>:75 | WEATHER_API_KEY configured: True
2026-03-15 22:31:17 | smartagri_server.app | INFO | <module>:76 | ELEVEN_API_KEY configured: True
2026-03-15 22:31:17 | smartagri_server.app | INFO | <module>:77 | ============================================================
2026-03-15 22:31:17 | smartagri_server.app | INFO | <module>:914 | 
============================================================
2026-03-15 22:31:17 | smartagri_server.app | INFO | <module>:916 | ============================================================
2026-03-15 22:31:17 | smartagri_server.app | INFO | <module>:925 | ============================================================

2026-03-15 22:31:18 | smartagri_server.app | INFO | <module>:72 | ============================================================
2026-03-15 22:31:18 | smartagri_server.app | INFO | <module>:73 | SmartAgri Server Starting...
2026-03-15 22:31:18 | smartagri_server.app | INFO | <module>:74 | GROQ_API_KEY configured: True
2026-03-15 22:31:18 | smartagri_server.app | INFO | <module>:75 | WEATHER_API_KEY configured: True
2026-03-15 22:31:18 | smartagri_server.app | INFO | <module>:76 | ELEVEN_API_KEY configured: True
2026-03-15 22:31:18 | smartagri_server.app | INFO | <module>:77 | ============================================================
2026-03-15 22:31:18 | smartagri_server.app | INFO | <module>:914 | 
============================================================
2026-03-15 22:31:18 | smartagri_server.app | INFO | <module>:916 | ============================================================
2026-03-15 22:31:18 | smartagri_server.app | INFO | <module>:925 | ============================================================

2026-03-15 22:33:02 | smartagri.app | INFO | wrapper:135 | [20260315223302908957] /api/chat - Request received
2026-03-15 22:33:02 | smartagri_server.app | INFO | chat:351 | Chat request: How to improve soil health?... (lang: en)
2026-03-15 22:33:02 | smartagri.app | INFO | wrapper:152 | [20260315223302908957] /api/chat - Completed in 1.92ms
2026-03-15 22:34:56 | smartagri.app | INFO | wrapper:135 | [20260315223456869170] /api/analyze_plant - Request received
2026-03-15 22:34:56 | smartagri_server.app | INFO | analyze_plant:539 | Analyzing plant image: download.jpg
2026-03-15 22:34:59 | smartagri_server.app | INFO | analyze_plant:557 | Kindwise API response status: 201
2026-03-15 22:34:59 | smartagri_server.app | INFO | analyze_plant:576 | Kindwise API call successful
2026-03-15 22:34:59 | smartagri.app | INFO | wrapper:152 | [20260315223456869170] /api/analyze_plant - Completed in 2183.22ms
2026-03-15 22:35:21 | smartagri.app | INFO | wrapper:135 | [20260315223521114166] /api/analyze_plant - Request received
2026-03-15 22:35:21 | smartagri_server.app | INFO | analyze_plant:539 | Analyzing plant image: download.jpg
2026-03-15 22:35:23 | smartagri_server.app | INFO | analyze_plant:557 | Kindwise API response status: 201
2026-03-15 22:35:23 | smartagri_server.app | INFO | analyze_plant:576 | Kindwise API call successful
2026-03-15 22:35:23 | smartagri.app | INFO | wrapper:152 | [20260315223521114166] /api/analyze_plant - Completed in 1924.41ms
2026-03-15 22:36:11 | smartagri.app | INFO | wrapper:135 | [20260315223611680966] /api/chat - Request received
2026-03-15 22:36:11 | smartagri_server.app | INFO | chat:351 | Chat request: hello... (lang: en)
2026-03-15 22:36:11 | smartagri.app | INFO | wrapper:152 | [20260315223611680966] /api/chat - Completed in 0.0ms
2026-03-15 22:40:10 | smartagri.app | INFO | wrapper:135 | [20260315224010531240] /api/chat - Request received
2026-03-15 22:40:10 | smartagri_server.app | INFO | chat:351 | Chat request: What crops grow best in summer?... (lang: en)
2026-03-15 22:40:10 | smartagri.app | INFO | wrapper:152 | [20260315224010531240] /api/chat - Completed in 1.81ms
2026-03-15 22:44:22 | smartagri.app | INFO | wrapper:135 | [20260315224422914633] /api/chat - Request received
2026-03-15 22:44:22 | smartagri_server.app | INFO | chat:351 | Chat request: hello... (lang: en)
2026-03-15 22:44:22 | smartagri.app | INFO | wrapper:152 | [20260315224422914633] /api/chat - Completed in 5.82ms
2026-03-15 22:45:05 | smartagri.app | INFO | wrapper:135 | [20260315224505630493] /api/chat - Request received
2026-03-15 22:45:05 | smartagri_server.app | INFO | chat:351 | Chat request: hi... (lang: en)
2026-03-15 22:45:05 | smartagri.app | INFO | wrapper:152 | [20260315224505630493] /api/chat - Completed in 0.74ms
2026-03-15 22:45:11 | smartagri.app | INFO | wrapper:135 | [20260315224511451643] /api/chat - Request received
2026-03-15 22:45:11 | smartagri_server.app | INFO | chat:351 | Chat request: how are you... (lang: en)
2026-03-15 22:45:11 | smartagri.app | INFO | wrapper:152 | [20260315224511451643] /api/chat - Completed in 2.23ms
2026-03-15 22:45:29 | smartagri.app | INFO | wrapper:135 | [20260315224529752285] /api/chat - Request received
2026-03-15 22:45:29 | smartagri_server.app | INFO | chat:351 | Chat request: whatd your name... (lang: en)
2026-03-15 22:45:29 | smartagri.app | INFO | wrapper:152 | [20260315224529752285] /api/chat - Completed in 0.0ms
2026-03-15 22:49:22 | smartagri.app | INFO | wrapper:135 | [20260315224922547226] /api/chat - Request received
2026-03-15 22:49:22 | smartagri_server.app | INFO | chat:351 | Chat request: how are you doing today?... (lang: en)
2026-03-15 22:49:22 | smartagri.app | INFO | wrapper:152 | [20260315224922547226] /api/chat - Completed in 1.85ms
2026-03-15 22:54:15 | smartagri.app | INFO | wrapper:135 | [20260315225415324693] /api/recommend_crop - Request received
2026-03-15 22:54:15 | smartagri_server.app | INFO | recommend_crop:735 | Crop recommendation request for data: {'N': 55, 'P': 55, 'K': 55, 'temperature': 55, 'humidity': 55, 'ph': 55, 'rainfall': 55}
2026-03-15 22:54:15 | smartagri_server.app | WARNING | recommend_crop:824 | Crop model not loaded, using fallback recommendations.
2026-03-15 22:54:15 | smartagri_server.app | INFO | get_fallback_recommendations:176 | Generating SMARTER fallback for N:55.0, P:55.0, K:55.0, T:55.0, H:55.0, R:55.0
2026-03-15 22:54:15 | smartagri.app | INFO | wrapper:152 | [20260315225415324693] /api/recommend_crop - Completed in 3.0ms
2026-03-15 22:54:43 | smartagri.app | INFO | wrapper:135 | [20260315225443906391] /api/chat - Request received
2026-03-15 22:54:43 | smartagri_server.app | INFO | chat:351 | Chat request: hi... (lang: bn)
2026-03-15 22:54:43 | smartagri.app | INFO | wrapper:152 | [20260315225443906391] /api/chat - Completed in 4.21ms
2026-03-15 22:55:14 | smartagri.app | INFO | wrapper:135 | [20260315225514812987] /api/chat - Request received
2026-03-15 22:55:14 | smartagri_server.app | INFO | chat:351 | Chat request: hi... (lang: bn)
2026-03-15 22:55:14 | smartagri.app | INFO | wrapper:152 | [20260315225514812987] /api/chat - Completed in 2.01ms
2026-03-15 22:57:41 | smartagri.app | INFO | wrapper:135 | [20260315225741903285] /api/tts - Request received
2026-03-15 22:57:50 | smartagri_server.app | INFO | <module>:72 | ============================================================
2026-03-15 22:57:50 | smartagri_server.app | INFO | <module>:73 | SmartAgri Server Starting...
2026-03-15 22:57:50 | smartagri_server.app | INFO | <module>:74 | GROQ_API_KEY configured: True
2026-03-15 22:57:50 | smartagri_server.app | INFO | <module>:75 | WEATHER_API_KEY configured: True
2026-03-15 22:57:50 | smartagri_server.app | INFO | <module>:76 | ELEVEN_API_KEY configured: True
2026-03-15 22:57:50 | smartagri_server.app | INFO | <module>:77 | ============================================================
2026-03-15 22:57:50 | smartagri_server.app | INFO | <module>:914 | 
============================================================
2026-03-15 22:57:50 | smartagri_server.app | INFO | <module>:916 | ============================================================
2026-03-15 22:57:50 | smartagri_server.app | INFO | <module>:925 | ============================================================

2026-03-15 22:58:18 | smartagri.app | INFO | wrapper:135 | [20260315225818615932] /api/chat - Request received
2026-03-15 22:58:18 | smartagri_server.app | INFO | chat:351 | Chat request: Hello, how is the weather today?... (lang: bn)
2026-03-15 22:58:18 | smartagri.app | INFO | wrapper:152 | [20260315225818615932] /api/chat - Completed in 2.78ms
2026-03-15 22:58:40 | smartagri.app | INFO | wrapper:135 | [20260315225840002078] /api/tts - Request received
2026-03-15 22:58:42 | smartagri_server.app | INFO | text_to_speech:460 | ElevenLabs API response status: 401
2026-03-15 22:58:42 | smartagri_server.app | ERROR | text_to_speech:464 | ElevenLabs API error: 401 - {"detail":{"type":"authorization_error","code":"subscription_required","message":"Model is not available on the free tier. The eleven_monolingual_v1 and eleven_multilingual_v1 models are deprecated an
2026-03-15 22:58:42 | smartagri.app | INFO | wrapper:152 | [20260315225840002078] /api/tts - Completed in 2065.36ms
2026-03-15 22:59:11 | smartagri.app | INFO | wrapper:135 | [20260315225911322720] /api/tts - Request received
2026-03-15 22:59:12 | smartagri_server.app | INFO | text_to_speech:460 | ElevenLabs API response status: 401
2026-03-15 22:59:12 | smartagri_server.app | ERROR | text_to_speech:464 | ElevenLabs API error: 401 - {"detail":{"type":"authorization_error","code":"subscription_required","message":"Model is not available on the free tier. The eleven_monolingual_v1 and eleven_multilingual_v1 models are deprecated an
2026-03-15 22:59:12 | smartagri.app | INFO | wrapper:152 | [20260315225911322720] /api/tts - Completed in 784.75ms
2026-03-15 23:00:03 | smartagri.app | INFO | wrapper:135 | [20260315230003394897] /api/tts - Request received
2026-03-15 23:00:04 | smartagri_server.app | INFO | text_to_speech:460 | ElevenLabs API response status: 401
2026-03-15 23:00:04 | smartagri_server.app | ERROR | text_to_speech:464 | ElevenLabs API error: 401 - {"detail":{"type":"authorization_error","code":"subscription_required","message":"Model is not available on the free tier. The eleven_monolingual_v1 and eleven_multilingual_v1 models are deprecated an
2026-03-15 23:00:04 | smartagri.app | INFO | wrapper:152 | [20260315230003394897] /api/tts - Completed in 1072.01ms
2026-03-15 23:00:27 | smartagri_server.app | INFO | <module>:72 | ============================================================
2026-03-15 23:00:27 | smartagri_server.app | INFO | <module>:73 | SmartAgri Server Starting...
2026-03-15 23:00:27 | smartagri_server.app | INFO | <module>:74 | GROQ_API_KEY configured: True
2026-03-15 23:00:27 | smartagri_server.app | INFO | <module>:75 | WEATHER_API_KEY configured: True
2026-03-15 23:00:27 | smartagri_server.app | INFO | <module>:76 | ELEVEN_API_KEY configured: True
2026-03-15 23:00:27 | smartagri_server.app | INFO | <module>:77 | ============================================================
2026-03-15 23:00:27 | smartagri_server.app | INFO | <module>:914 | 
============================================================
2026-03-15 23:00:27 | smartagri_server.app | INFO | <module>:916 | ============================================================
2026-03-15 23:00:27 | smartagri_server.app | INFO | <module>:925 | ============================================================

2026-03-15 23:00:28 | smartagri_server.app | INFO | <module>:72 | ============================================================
2026-03-15 23:00:28 | smartagri_server.app | INFO | <module>:73 | SmartAgri Server Starting...
2026-03-15 23:00:28 | smartagri_server.app | INFO | <module>:74 | GROQ_API_KEY configured: True
2026-03-15 23:00:28 | smartagri_server.app | INFO | <module>:75 | WEATHER_API_KEY configured: True
2026-03-15 23:00:28 | smartagri_server.app | INFO | <module>:76 | ELEVEN_API_KEY configured: True
2026-03-15 23:00:28 | smartagri_server.app | INFO | <module>:77 | ============================================================
2026-03-15 23:00:28 | smartagri_server.app | INFO | <module>:914 | 
============================================================
2026-03-15 23:00:28 | smartagri_server.app | INFO | <module>:916 | ============================================================
2026-03-15 23:00:28 | smartagri_server.app | INFO | <module>:925 | ============================================================

2026-03-15 23:00:36 | smartagri.app | INFO | wrapper:135 | [20260315230036810969] /api/tts - Request received
2026-03-15 23:00:37 | smartagri_server.app | INFO | text_to_speech:460 | ElevenLabs API response status: 401
2026-03-15 23:00:37 | smartagri_server.app | ERROR | text_to_speech:464 | ElevenLabs API error: 401 - {"detail":{"type":"authorization_error","code":"subscription_required","message":"Model is not available on the free tier. The eleven_monolingual_v1 and eleven_multilingual_v1 models are deprecated an
2026-03-15 23:00:37 | smartagri.app | INFO | wrapper:152 | [20260315230036810969] /api/tts - Completed in 1000.39ms
2026-03-15 23:00:53 | smartagri.app | INFO | wrapper:135 | [20260315230053768853] /api/tts - Request received
2026-03-15 23:00:53 | smartagri_server.app | INFO | text_to_speech:450 | TTS request: Hello...
2026-03-15 23:00:54 | smartagri_server.app | INFO | text_to_speech:460 | ElevenLabs API response status: 401
2026-03-15 23:00:54 | smartagri_server.app | ERROR | text_to_speech:464 | ElevenLabs API error: 401 - {"detail":{"type":"authorization_error","code":"subscription_required","message":"Model is not available on the free tier. The eleven_monolingual_v1 and eleven_multilingual_v1 models are deprecated an
2026-03-15 23:00:54 | smartagri.app | INFO | wrapper:152 | [20260315230053768853] /api/tts - Completed in 708.93ms
2026-03-15 23:01:09 | smartagri_server.app | INFO | <module>:72 | ============================================================
2026-03-15 23:01:09 | smartagri_server.app | INFO | <module>:73 | SmartAgri Server Starting...
2026-03-15 23:01:09 | smartagri_server.app | INFO | <module>:74 | GROQ_API_KEY configured: True
2026-03-15 23:01:09 | smartagri_server.app | INFO | <module>:75 | WEATHER_API_KEY configured: True
2026-03-15 23:01:09 | smartagri_server.app | INFO | <module>:76 | ELEVEN_API_KEY configured: True
2026-03-15 23:01:09 | smartagri_server.app | INFO | <module>:77 | ============================================================
2026-03-15 23:01:09 | smartagri_server.app | INFO | <module>:914 | 
============================================================
2026-03-15 23:01:09 | smartagri_server.app | INFO | <module>:916 | ============================================================
2026-03-15 23:01:09 | smartagri_server.app | INFO | <module>:925 | ============================================================

2026-03-15 23:01:35 | smartagri_server.app | INFO | <module>:72 | ============================================================
2026-03-15 23:01:35 | smartagri_server.app | INFO | <module>:73 | SmartAgri Server Starting...
2026-03-15 23:01:35 | smartagri_server.app | INFO | <module>:74 | GROQ_API_KEY configured: True
2026-03-15 23:01:35 | smartagri_server.app | INFO | <module>:75 | WEATHER_API_KEY configured: True
2026-03-15 23:01:35 | smartagri_server.app | INFO | <module>:76 | ELEVEN_API_KEY configured: True
2026-03-15 23:01:35 | smartagri_server.app | INFO | <module>:77 | ============================================================
2026-03-15 23:01:35 | smartagri_server.app | INFO | <module>:914 | 
============================================================
2026-03-15 23:01:35 | smartagri_server.app | INFO | <module>:916 | ============================================================
2026-03-15 23:01:35 | smartagri_server.app | INFO | <module>:925 | ============================================================

2026-03-15 23:01:36 | smartagri_server.app | INFO | <module>:72 | ============================================================
2026-03-15 23:01:36 | smartagri_server.app | INFO | <module>:73 | SmartAgri Server Starting...
2026-03-15 23:01:36 | smartagri_server.app | INFO | <module>:74 | GROQ_API_KEY configured: True
2026-03-15 23:01:36 | smartagri_server.app | INFO | <module>:75 | WEATHER_API_KEY configured: True
2026-03-15 23:01:36 | smartagri_server.app | INFO | <module>:76 | ELEVEN_API_KEY configured: True
2026-03-15 23:01:36 | smartagri_server.app | INFO | <module>:77 | ============================================================
2026-03-15 23:01:36 | smartagri_server.app | INFO | <module>:914 | 
============================================================
2026-03-15 23:01:36 | smartagri_server.app | INFO | <module>:916 | ============================================================
2026-03-15 23:01:36 | smartagri_server.app | INFO | <module>:925 | ============================================================

2026-03-15 23:01:52 | smartagri.app | INFO | wrapper:135 | [20260315230152618961] /api/tts - Request received
2026-03-15 23:01:52 | smartagri_server.app | INFO | text_to_speech:450 | TTS request: Hello...
2026-03-15 23:01:53 | smartagri_server.app | INFO | text_to_speech:460 | ElevenLabs API response status: 402
2026-03-15 23:01:53 | smartagri_server.app | ERROR | text_to_speech:464 | ElevenLabs API error: 402 - {"detail":{"type":"payment_required","code":"paid_plan_required","message":"Free users cannot use library voices via the API. Please upgrade your subscription to use this voice.","status":"payment_req
2026-03-15 23:01:53 | smartagri.app | INFO | wrapper:152 | [20260315230152618961] /api/tts - Completed in 996.41ms
2026-03-15 23:01:58 | smartagri.app | INFO | wrapper:135 | [20260315230158711646] /api/tts - Request received
2026-03-15 23:01:59 | smartagri_server.app | INFO | text_to_speech:460 | ElevenLabs API response status: 402
2026-03-15 23:01:59 | smartagri_server.app | ERROR | text_to_speech:464 | ElevenLabs API error: 402 - {"detail":{"type":"payment_required","code":"paid_plan_required","message":"Free users cannot use library voices via the API. Please upgrade your subscription to use this voice.","status":"payment_req
2026-03-15 23:01:59 | smartagri.app | INFO | wrapper:152 | [20260315230158711646] /api/tts - Completed in 989.48ms
2026-03-15 23:02:04 | smartagri_server.app | INFO | <module>:72 | ============================================================
2026-03-15 23:02:04 | smartagri_server.app | INFO | <module>:73 | SmartAgri Server Starting...
2026-03-15 23:02:04 | smartagri_server.app | INFO | <module>:74 | GROQ_API_KEY configured: True
2026-03-15 23:02:04 | smartagri_server.app | INFO | <module>:75 | WEATHER_API_KEY configured: True
2026-03-15 23:02:04 | smartagri_server.app | INFO | <module>:76 | ELEVEN_API_KEY configured: True
2026-03-15 23:02:04 | smartagri_server.app | INFO | <module>:77 | ============================================================
2026-03-15 23:02:04 | smartagri_server.app | INFO | <module>:915 | 
============================================================
2026-03-15 23:02:04 | smartagri_server.app | INFO | <module>:917 | ============================================================
2026-03-15 23:02:04 | smartagri_server.app | INFO | <module>:926 | ============================================================

2026-03-15 23:02:18 | smartagri_server.app | INFO | <module>:72 | ============================================================
2026-03-15 23:02:18 | smartagri_server.app | INFO | <module>:73 | SmartAgri Server Starting...
2026-03-15 23:02:18 | smartagri_server.app | INFO | <module>:74 | GROQ_API_KEY configured: True
2026-03-15 23:02:18 | smartagri_server.app | INFO | <module>:75 | WEATHER_API_KEY configured: True
2026-03-15 23:02:18 | smartagri_server.app | INFO | <module>:76 | ELEVEN_API_KEY configured: True
2026-03-15 23:02:18 | smartagri_server.app | INFO | <module>:77 | ============================================================
2026-03-15 23:02:18 | smartagri_server.app | INFO | <module>:915 | 
============================================================
2026-03-15 23:02:18 | smartagri_server.app | INFO | <module>:917 | ============================================================
2026-03-15 23:02:18 | smartagri_server.app | INFO | <module>:926 | ============================================================

2026-03-15 23:02:20 | smartagri_server.app | INFO | <module>:72 | ============================================================
2026-03-15 23:02:20 | smartagri_server.app | INFO | <module>:73 | SmartAgri Server Starting...
2026-03-15 23:02:20 | smartagri_server.app | INFO | <module>:74 | GROQ_API_KEY configured: True
2026-03-15 23:02:20 | smartagri_server.app | INFO | <module>:75 | WEATHER_API_KEY configured: True
2026-03-15 23:02:20 | smartagri_server.app | INFO | <module>:76 | ELEVEN_API_KEY configured: True
2026-03-15 23:02:20 | smartagri_server.app | INFO | <module>:77 | ============================================================
2026-03-15 23:02:20 | smartagri_server.app | INFO | <module>:915 | 
============================================================
2026-03-15 23:02:20 | smartagri_server.app | INFO | <module>:917 | ============================================================
2026-03-15 23:02:20 | smartagri_server.app | INFO | <module>:926 | ============================================================

2026-03-15 23:02:32 | smartagri.app | INFO | wrapper:135 | [20260315230232036427] /api/tts - Request received
2026-03-15 23:02:32 | smartagri_server.app | INFO | text_to_speech:450 | TTS request: Hello...
2026-03-15 23:02:32 | smartagri_server.app | INFO | text_to_speech:461 | ElevenLabs API response status: 402
2026-03-15 23:02:32 | smartagri_server.app | ERROR | text_to_speech:465 | ElevenLabs API error: 402 - {"detail":{"type":"payment_required","code":"paid_plan_required","message":"Free users cannot use library voices via the API. Please upgrade your subscription to use this voice.","status":"payment_req
2026-03-15 23:02:32 | smartagri.app | INFO | wrapper:152 | [20260315230232036427] /api/tts - Completed in 724.81ms
2026-03-15 23:02:44 | smartagri.app | INFO | wrapper:135 | [20260315230244413172] /api/tts - Request received
2026-03-15 23:02:44 | smartagri_server.app | INFO | text_to_speech:450 | TTS request: Hello...
2026-03-15 23:02:45 | smartagri_server.app | INFO | text_to_speech:461 | ElevenLabs API response status: 402
2026-03-15 23:02:45 | smartagri_server.app | ERROR | text_to_speech:465 | ElevenLabs API error: 402 - {"detail":{"type":"payment_required","code":"paid_plan_required","message":"Free users cannot use library voices via the API. Please upgrade your subscription to use this voice.","status":"payment_req
2026-03-15 23:02:45 | smartagri.app | INFO | wrapper:152 | [20260315230244413172] /api/tts - Completed in 1080.13ms
2026-03-15 23:02:57 | smartagri_server.app | INFO | <module>:72 | ============================================================
2026-03-15 23:02:57 | smartagri_server.app | INFO | <module>:73 | SmartAgri Server Starting...
2026-03-15 23:02:57 | smartagri_server.app | INFO | <module>:74 | GROQ_API_KEY configured: True
2026-03-15 23:02:57 | smartagri_server.app | INFO | <module>:75 | WEATHER_API_KEY configured: True
2026-03-15 23:02:57 | smartagri_server.app | INFO | <module>:76 | ELEVEN_API_KEY configured: True
2026-03-15 23:02:57 | smartagri_server.app | INFO | <module>:77 | ============================================================
2026-03-15 23:02:57 | smartagri_server.app | INFO | <module>:914 | 
============================================================
2026-03-15 23:02:57 | smartagri_server.app | INFO | <module>:916 | ============================================================
2026-03-15 23:02:57 | smartagri_server.app | INFO | <module>:925 | ============================================================

2026-03-15 23:03:07 | smartagri_server.app | INFO | <module>:72 | ============================================================
2026-03-15 23:03:07 | smartagri_server.app | INFO | <module>:73 | SmartAgri Server Starting...
2026-03-15 23:03:07 | smartagri_server.app | INFO | <module>:74 | GROQ_API_KEY configured: True
2026-03-15 23:03:07 | smartagri_server.app | INFO | <module>:75 | WEATHER_API_KEY configured: True
2026-03-15 23:03:07 | smartagri_server.app | INFO | <module>:76 | ELEVEN_API_KEY configured: True
2026-03-15 23:03:07 | smartagri_server.app | INFO | <module>:77 | ============================================================
2026-03-15 23:03:07 | smartagri_server.app | INFO | <module>:914 | 
============================================================
2026-03-15 23:03:07 | smartagri_server.app | INFO | <module>:916 | ============================================================
2026-03-15 23:03:07 | smartagri_server.app | INFO | <module>:925 | ============================================================

2026-03-15 23:03:08 | smartagri_server.app | INFO | <module>:72 | ============================================================
2026-03-15 23:03:08 | smartagri_server.app | INFO | <module>:73 | SmartAgri Server Starting...
2026-03-15 23:03:08 | smartagri_server.app | INFO | <module>:74 | GROQ_API_KEY configured: True
2026-03-15 23:03:08 | smartagri_server.app | INFO | <module>:75 | WEATHER_API_KEY configured: True
2026-03-15 23:03:08 | smartagri_server.app | INFO | <module>:76 | ELEVEN_API_KEY configured: True
2026-03-15 23:03:08 | smartagri_server.app | INFO | <module>:77 | ============================================================
2026-03-15 23:03:08 | smartagri_server.app | INFO | <module>:914 | 
============================================================
2026-03-15 23:03:08 | smartagri_server.app | INFO | <module>:916 | ============================================================
2026-03-15 23:03:08 | smartagri_server.app | INFO | <module>:925 | ============================================================

2026-03-15 23:03:12 | smartagri.app | INFO | wrapper:135 | [20260315230312284071] /api/tts - Request received
2026-03-15 23:03:13 | smartagri_server.app | INFO | text_to_speech:460 | ElevenLabs API response status: 402
2026-03-15 23:03:13 | smartagri_server.app | ERROR | text_to_speech:464 | ElevenLabs API error: 402 - {"detail":{"type":"payment_required","code":"paid_plan_required","message":"Free users cannot use library voices via the API. Please upgrade your subscription to use this voice.","status":"payment_req
2026-03-15 23:03:13 | smartagri.app | INFO | wrapper:152 | [20260315230312284071] /api/tts - Completed in 1265.76ms
2026-03-15 23:03:18 | smartagri.app | INFO | wrapper:135 | [20260315230318375767] /api/tts - Request received
2026-03-15 23:03:19 | smartagri_server.app | INFO | text_to_speech:460 | ElevenLabs API response status: 402
2026-03-15 23:03:19 | smartagri_server.app | ERROR | text_to_speech:464 | ElevenLabs API error: 402 - {"detail":{"type":"payment_required","code":"paid_plan_required","message":"Free users cannot use library voices via the API. Please upgrade your subscription to use this voice.","status":"payment_req
2026-03-15 23:03:19 | smartagri.app | INFO | wrapper:152 | [20260315230318375767] /api/tts - Completed in 1030.25ms
2026-03-15 23:03:21 | smartagri.app | INFO | wrapper:135 | [20260315230321853691] /api/chat - Request received
2026-03-15 23:03:21 | smartagri_server.app | INFO | chat:351 | Chat request: hi... (lang: en)
2026-03-15 23:03:21 | smartagri.app | INFO | wrapper:152 | [20260315230321853691] /api/chat - Completed in 0.0ms
2026-03-15 23:03:23 | smartagri.app | INFO | wrapper:135 | [20260315230323362954] /api/tts - Request received
2026-03-15 23:03:23 | smartagri_server.app | INFO | text_to_speech:450 | TTS request: Hello! It's great to connect with you. How can I h...
2026-03-15 23:03:24 | smartagri_server.app | INFO | text_to_speech:460 | ElevenLabs API response status: 402
2026-03-15 23:03:24 | smartagri_server.app | ERROR | text_to_speech:464 | ElevenLabs API error: 402 - {"detail":{"type":"payment_required","code":"paid_plan_required","message":"Free users cannot use library voices via the API. Please upgrade your subscription to use this voice.","status":"payment_req
2026-03-15 23:03:24 | smartagri.app | INFO | wrapper:152 | [20260315230323362954] /api/tts - Completed in 1021.17ms
2026-03-15 23:03:31 | smartagri.app | INFO | wrapper:135 | [20260315230331202741] /api/tts - Request received
2026-03-15 23:03:31 | smartagri_server.app | INFO | text_to_speech:450 | TTS request: Namaste from the SmartAgri AI!...
2026-03-15 23:03:32 | smartagri_server.app | INFO | text_to_speech:460 | ElevenLabs API response status: 402
2026-03-15 23:03:32 | smartagri_server.app | ERROR | text_to_speech:464 | ElevenLabs API error: 402 - {"detail":{"type":"payment_required","code":"paid_plan_required","message":"Free users cannot use library voices via the API. Please upgrade your subscription to use this voice.","status":"payment_req
2026-03-15 23:03:32 | smartagri.app | INFO | wrapper:152 | [20260315230331202741] /api/tts - Completed in 984.97ms
2026-03-15 23:04:31 | smartagri.app | INFO | wrapper:135 | [20260315230431679243] /api/tts - Request received
2026-03-15 23:04:31 | smartagri_server.app | INFO | text_to_speech:450 | TTS request: Hello! It's great to connect with you. How can I h...
2026-03-15 23:04:32 | smartagri_server.app | INFO | text_to_speech:460 | ElevenLabs API response status: 402
2026-03-15 23:04:32 | smartagri_server.app | ERROR | text_to_speech:464 | ElevenLabs API error: 402 - {"detail":{"type":"payment_required","code":"paid_plan_required","message":"Free users cannot use library voices via the API. Please upgrade your subscription to use this voice.","status":"payment_req
2026-03-15 23:04:32 | smartagri.app | INFO | wrapper:152 | [20260315230431679243] /api/tts - Completed in 799.39ms
2026-03-15 23:04:51 | smartagri.app | INFO | wrapper:135 | [20260315230451021346] /api/tts - Request received
2026-03-15 23:04:51 | smartagri_server.app | INFO | text_to_speech:450 | TTS request: Hello! It's great to connect with you. How can I h...
2026-03-15 23:04:52 | smartagri_server.app | INFO | text_to_speech:460 | ElevenLabs API response status: 402
2026-03-15 23:04:52 | smartagri_server.app | ERROR | text_to_speech:464 | ElevenLabs API error: 402 - {"detail":{"type":"payment_required","code":"paid_plan_required","message":"Free users cannot use library voices via the API. Please upgrade your subscription to use this voice.","status":"payment_req
2026-03-15 23:04:52 | smartagri.app | INFO | wrapper:152 | [20260315230451021346] /api/tts - Completed in 1106.18ms
2026-03-15 23:05:47 | smartagri.app | INFO | wrapper:135 | [20260315230547827384] /api/tts - Request received
2026-03-15 23:05:47 | smartagri_server.app | INFO | text_to_speech:450 | TTS request: Hello! It's great to connect with you. How can I h...
2026-03-15 23:05:48 | smartagri_server.app | INFO | text_to_speech:460 | ElevenLabs API response status: 402
2026-03-15 23:05:48 | smartagri_server.app | ERROR | text_to_speech:464 | ElevenLabs API error: 402 - {"detail":{"type":"payment_required","code":"paid_plan_required","message":"Free users cannot use library voices via the API. Please upgrade your subscription to use this voice.","status":"payment_req
2026-03-15 23:05:48 | smartagri.app | INFO | wrapper:152 | [20260315230547827384] /api/tts - Completed in 1161.62ms
2026-03-15 23:05:59 | smartagri.app | INFO | wrapper:135 | [20260315230559318796] /api/tts - Request received
2026-03-15 23:05:59 | smartagri_server.app | INFO | text_to_speech:450 | TTS request: Hello! It's great to connect with you. How can I h...
2026-03-15 23:06:00 | smartagri_server.app | INFO | text_to_speech:460 | ElevenLabs API response status: 402
2026-03-15 23:06:00 | smartagri_server.app | ERROR | text_to_speech:464 | ElevenLabs API error: 402 - {"detail":{"type":"payment_required","code":"paid_plan_required","message":"Free users cannot use library voices via the API. Please upgrade your subscription to use this voice.","status":"payment_req
2026-03-15 23:06:00 | smartagri.app | INFO | wrapper:152 | [20260315230559318796] /api/tts - Completed in 1164.84ms
2026-03-15 23:06:11 | smartagri.app | INFO | wrapper:135 | [20260315230611966665] /api/tts - Request received
2026-03-15 23:06:11 | smartagri_server.app | INFO | text_to_speech:450 | TTS request: Hello! It's great to connect with you. How can I h...
2026-03-15 23:06:13 | smartagri_server.app | INFO | text_to_speech:460 | ElevenLabs API response status: 402
2026-03-15 23:06:13 | smartagri_server.app | ERROR | text_to_speech:464 | ElevenLabs API error: 402 - {"detail":{"type":"payment_required","code":"paid_plan_required","message":"Free users cannot use library voices via the API. Please upgrade your subscription to use this voice.","status":"payment_req
2026-03-15 23:06:13 | smartagri.app | INFO | wrapper:152 | [20260315230611966665] /api/tts - Completed in 1068.9ms
2026-03-15 23:07:09 | smartagri.app | INFO | wrapper:135 | [20260315230709571345] /api/tts - Request received
2026-03-15 23:07:09 | smartagri_server.app | INFO | text_to_speech:450 | TTS request: Hello! It's great to connect with you. How can I h...
2026-03-15 23:07:10 | smartagri_server.app | INFO | text_to_speech:460 | ElevenLabs API response status: 402
2026-03-15 23:07:10 | smartagri_server.app | ERROR | text_to_speech:464 | ElevenLabs API error: 402 - {"detail":{"type":"payment_required","code":"paid_plan_required","message":"Free users cannot use library voices via the API. Please upgrade your subscription to use this voice.","status":"payment_req
2026-03-15 23:07:10 | smartagri.app | INFO | wrapper:152 | [20260315230709571345] /api/tts - Completed in 1146.41ms
2026-03-15 23:11:28 | smartagri.app | INFO | wrapper:135 | [20260315231128763933] /api/tts - Request received
2026-03-15 23:11:28 | smartagri_server.app | INFO | text_to_speech:450 | TTS request: Hello! It's great to connect with you. How can I h...
2026-03-15 23:11:30 | smartagri_server.app | INFO | text_to_speech:460 | ElevenLabs API response status: 402
2026-03-15 23:11:30 | smartagri_server.app | ERROR | text_to_speech:464 | ElevenLabs API error: 402 - {"detail":{"type":"payment_required","code":"paid_plan_required","message":"Free users cannot use library voices via the API. Please upgrade your subscription to use this voice.","status":"payment_req
2026-03-15 23:11:30 | smartagri.app | INFO | wrapper:152 | [20260315231128763933] /api/tts - Completed in 1240.41ms
2026-03-15 23:12:04 | smartagri_server.app | INFO | <module>:72 | ============================================================
2026-03-15 23:12:04 | smartagri_server.app | INFO | <module>:73 | SmartAgri Server Starting...
2026-03-15 23:12:04 | smartagri_server.app | INFO | <module>:74 | GROQ_API_KEY configured: True
2026-03-15 23:12:04 | smartagri_server.app | INFO | <module>:75 | WEATHER_API_KEY configured: True
2026-03-15 23:12:04 | smartagri_server.app | INFO | <module>:76 | ELEVEN_API_KEY configured: True
2026-03-15 23:12:04 | smartagri_server.app | INFO | <module>:77 | ============================================================
2026-03-15 23:12:04 | smartagri_server.app | INFO | <module>:914 | 
============================================================
2026-03-15 23:12:04 | smartagri_server.app | INFO | <module>:916 | ============================================================
2026-03-15 23:12:04 | smartagri_server.app | INFO | <module>:925 | ============================================================

2026-03-15 23:13:34 | smartagri.app | INFO | wrapper:135 | [20260315231334297706] /api/tts - Request received
2026-03-15 23:13:34 | smartagri_server.app | INFO | text_to_speech:450 | TTS request: Hello! It's great to connect with you. How can I h...
2026-03-15 23:13:35 | smartagri_server.app | INFO | text_to_speech:460 | ElevenLabs API response status: 402
2026-03-15 23:13:35 | smartagri_server.app | ERROR | text_to_speech:464 | ElevenLabs API error: 402 - {"detail":{"type":"payment_required","code":"paid_plan_required","message":"Free users cannot use library voices via the API. Please upgrade your subscription to use this voice.","status":"payment_req
2026-03-15 23:13:35 | smartagri.app | INFO | wrapper:152 | [20260315231334297706] /api/tts - Completed in 996.07ms
2026-03-15 23:15:06 | smartagri_server.app | INFO | <module>:72 | ============================================================
2026-03-15 23:15:06 | smartagri_server.app | INFO | <module>:73 | SmartAgri Server Starting...
2026-03-15 23:15:06 | smartagri_server.app | INFO | <module>:74 | GROQ_API_KEY configured: True
2026-03-15 23:15:06 | smartagri_server.app | INFO | <module>:75 | WEATHER_API_KEY configured: True
2026-03-15 23:15:06 | smartagri_server.app | INFO | <module>:76 | ELEVEN_API_KEY configured: True
2026-03-15 23:15:06 | smartagri_server.app | INFO | <module>:77 | ============================================================
2026-03-15 23:15:06 | smartagri_server.app | INFO | <module>:914 | 
============================================================
2026-03-15 23:15:06 | smartagri_server.app | INFO | <module>:916 | ============================================================
2026-03-15 23:15:06 | smartagri_server.app | INFO | <module>:925 | ============================================================

2026-03-15 23:15:35 | smartagri.app | INFO | wrapper:135 | [20260315231535571747] /api/tts - Request received
2026-03-15 23:15:35 | smartagri_server.app | INFO | text_to_speech:450 | TTS request: Namaste! I'm your AI Farm Assistant. I can help yo...
2026-03-15 23:15:36 | smartagri_server.app | INFO | text_to_speech:460 | ElevenLabs API response status: 402
2026-03-15 23:15:36 | smartagri_server.app | ERROR | text_to_speech:464 | ElevenLabs API error: 402 - {"detail":{"type":"payment_required","code":"paid_plan_required","message":"Free users cannot use library voices via the API. Please upgrade your subscription to use this voice.","status":"payment_req
2026-03-15 23:15:36 | smartagri.app | INFO | wrapper:152 | [20260315231535571747] /api/tts - Completed in 1045.26ms
2026-03-15 23:15:40 | smartagri.app | INFO | wrapper:135 | [20260315231540377709] /api/tts - Request received
2026-03-15 23:15:40 | smartagri_server.app | INFO | text_to_speech:450 | TTS request: Namaste! I'm your AI Farm Assistant. I can help yo...
2026-03-15 23:15:41 | smartagri_server.app | INFO | text_to_speech:460 | ElevenLabs API response status: 402
2026-03-15 23:15:41 | smartagri_server.app | ERROR | text_to_speech:464 | ElevenLabs API error: 402 - {"detail":{"type":"payment_required","code":"paid_plan_required","message":"Free users cannot use library voices via the API. Please upgrade your subscription to use this voice.","status":"payment_req
2026-03-15 23:15:41 | smartagri.app | INFO | wrapper:152 | [20260315231540377709] /api/tts - Completed in 977.86ms
2026-03-15 23:15:46 | smartagri.app | INFO | wrapper:135 | [20260315231546510339] /api/chat - Request received
2026-03-15 23:15:46 | smartagri_server.app | INFO | chat:351 | Chat request: hi... (lang: bn)
2026-03-15 23:15:46 | smartagri.app | INFO | wrapper:152 | [20260315231546510339] /api/chat - Completed in 2.54ms
2026-03-15 23:15:50 | smartagri.app | INFO | wrapper:135 | [20260315231550269997] /api/tts - Request received
2026-03-15 23:15:51 | smartagri_server.app | INFO | text_to_speech:460 | ElevenLabs API response status: 402
2026-03-15 23:15:51 | smartagri_server.app | ERROR | text_to_speech:464 | ElevenLabs API error: 402 - {"detail":{"type":"payment_required","code":"paid_plan_required","message":"Free users cannot use library voices via the API. Please upgrade your subscription to use this voice.","status":"payment_req
2026-03-15 23:15:51 | smartagri.app | INFO | wrapper:152 | [20260315231550269997] /api/tts - Completed in 1046.66ms
2026-03-15 23:15:55 | smartagri.app | INFO | wrapper:135 | [20260315231555663385] /api/tts - Request received
2026-03-15 23:15:56 | smartagri_server.app | INFO | text_to_speech:460 | ElevenLabs API response status: 402
2026-03-15 23:15:56 | smartagri_server.app | ERROR | text_to_speech:464 | ElevenLabs API error: 402 - {"detail":{"type":"payment_required","code":"paid_plan_required","message":"Free users cannot use library voices via the API. Please upgrade your subscription to use this voice.","status":"payment_req
2026-03-15 23:15:56 | smartagri.app | INFO | wrapper:152 | [20260315231555663385] /api/tts - Completed in 1011.73ms
2026-03-15 23:15:58 | smartagri.app | INFO | wrapper:135 | [20260315231558726901] /api/tts - Request received
2026-03-15 23:15:58 | smartagri_server.app | INFO | text_to_speech:450 | TTS request: Namaste! I'm your AI Farm Assistant. I can help yo...
2026-03-15 23:15:59 | smartagri_server.app | INFO | text_to_speech:460 | ElevenLabs API response status: 402
2026-03-15 23:15:59 | smartagri_server.app | ERROR | text_to_speech:464 | ElevenLabs API error: 402 - {"detail":{"type":"payment_required","code":"paid_plan_required","message":"Free users cannot use library voices via the API. Please upgrade your subscription to use this voice.","status":"payment_req
2026-03-15 23:15:59 | smartagri.app | INFO | wrapper:152 | [20260315231558726901] /api/tts - Completed in 1198.39ms
2026-03-15 23:16:06 | smartagri.app | INFO | wrapper:135 | [20260315231606173001] /api/chat - Request received
2026-03-15 23:16:06 | smartagri_server.app | INFO | chat:351 | Chat request: hi... (lang: en)
2026-03-15 23:16:06 | smartagri.app | INFO | wrapper:152 | [20260315231606173001] /api/chat - Completed in 1.67ms
2026-03-15 23:16:08 | smartagri.app | INFO | wrapper:135 | [20260315231608134274] /api/tts - Request received
2026-03-15 23:16:08 | smartagri_server.app | INFO | text_to_speech:450 | TTS request: Hello! Welcome to our agricultural advisory servic...
2026-03-15 23:16:09 | smartagri_server.app | INFO | text_to_speech:460 | ElevenLabs API response status: 402
2026-03-15 23:16:09 | smartagri_server.app | ERROR | text_to_speech:464 | ElevenLabs API error: 402 - {"detail":{"type":"payment_required","code":"paid_plan_required","message":"Free users cannot use library voices via the API. Please upgrade your subscription to use this voice.","status":"payment_req
2026-03-15 23:16:09 | smartagri.app | INFO | wrapper:152 | [20260315231608134274] /api/tts - Completed in 1027.49ms
2026-03-15 23:16:25 | smartagri.app | INFO | wrapper:135 | [20260315231625804281] /api/tts - Request received
2026-03-15 23:16:25 | smartagri_server.app | INFO | text_to_speech:450 | TTS request: Hello! Welcome to our agricultural advisory servic...
2026-03-15 23:16:26 | smartagri_server.app | INFO | text_to_speech:460 | ElevenLabs API response status: 402
2026-03-15 23:16:26 | smartagri_server.app | ERROR | text_to_speech:464 | ElevenLabs API error: 402 - {"detail":{"type":"payment_required","code":"paid_plan_required","message":"Free users cannot use library voices via the API. Please upgrade your subscription to use this voice.","status":"payment_req
2026-03-15 23:16:26 | smartagri.app | INFO | wrapper:152 | [20260315231625804281] /api/tts - Completed in 1038.75ms
2026-03-15 23:16:29 | smartagri.app | INFO | wrapper:135 | [20260315231629982151] /api/tts - Request received
2026-03-15 23:16:31 | smartagri_server.app | INFO | text_to_speech:460 | ElevenLabs API response status: 402
2026-03-15 23:16:31 | smartagri_server.app | ERROR | text_to_speech:464 | ElevenLabs API error: 402 - {"detail":{"type":"payment_required","code":"paid_plan_required","message":"Free users cannot use library voices via the API. Please upgrade your subscription to use this voice.","status":"payment_req
2026-03-15 23:16:31 | smartagri.app | INFO | wrapper:152 | [20260315231629982151] /api/tts - Completed in 1056.83ms
2026-03-15 23:18:27 | smartagri_server.app | INFO | <module>:72 | ============================================================
2026-03-15 23:18:27 | smartagri_server.app | INFO | <module>:73 | SmartAgri Server Starting...
2026-03-15 23:18:27 | smartagri_server.app | INFO | <module>:74 | GROQ_API_KEY configured: True
2026-03-15 23:18:27 | smartagri_server.app | INFO | <module>:75 | WEATHER_API_KEY configured: True
2026-03-15 23:18:27 | smartagri_server.app | INFO | <module>:76 | ELEVEN_API_KEY configured: True
2026-03-15 23:18:27 | smartagri_server.app | INFO | <module>:77 | ============================================================
2026-03-15 23:18:27 | smartagri_server.app | INFO | <module>:914 | 
============================================================
2026-03-15 23:18:27 | smartagri_server.app | INFO | <module>:916 | ============================================================
2026-03-15 23:18:27 | smartagri_server.app | INFO | <module>:925 | ============================================================

2026-03-15 23:19:55 | smartagri_server.app | INFO | <module>:72 | ============================================================
2026-03-15 23:19:55 | smartagri_server.app | INFO | <module>:73 | SmartAgri Server Starting...
2026-03-15 23:19:55 | smartagri_server.app | INFO | <module>:74 | GROQ_API_KEY configured: True
2026-03-15 23:19:55 | smartagri_server.app | INFO | <module>:75 | WEATHER_API_KEY configured: True
2026-03-15 23:19:55 | smartagri_server.app | INFO | <module>:76 | ELEVEN_API_KEY configured: True
2026-03-15 23:19:55 | smartagri_server.app | INFO | <module>:77 | ============================================================
2026-03-15 23:19:55 | smartagri_server.app | INFO | <module>:914 | 
============================================================
2026-03-15 23:19:55 | smartagri_server.app | INFO | <module>:916 | ============================================================
2026-03-15 23:19:55 | smartagri_server.app | INFO | <module>:925 | ============================================================

2026-03-15 23:19:56 | smartagri_server.app | INFO | <module>:72 | ============================================================
2026-03-15 23:19:56 | smartagri_server.app | INFO | <module>:73 | SmartAgri Server Starting...
2026-03-15 23:19:56 | smartagri_server.app | INFO | <module>:74 | GROQ_API_KEY configured: True
2026-03-15 23:19:56 | smartagri_server.app | INFO | <module>:75 | WEATHER_API_KEY configured: True
2026-03-15 23:19:56 | smartagri_server.app | INFO | <module>:76 | ELEVEN_API_KEY configured: True
2026-03-15 23:19:56 | smartagri_server.app | INFO | <module>:77 | ============================================================
2026-03-15 23:19:56 | smartagri_server.app | INFO | <module>:914 | 
============================================================
2026-03-15 23:19:56 | smartagri_server.app | INFO | <module>:916 | ============================================================
2026-03-15 23:19:56 | smartagri_server.app | INFO | <module>:925 | ============================================================

2026-03-15 23:20:06 | smartagri.app | INFO | wrapper:135 | [20260315232006010290] /api/tts - Request received
2026-03-15 23:20:06 | smartagri_server.app | INFO | text_to_speech:450 | TTS request: Hello! Welcome to our agricultural advisory servic...
2026-03-15 23:20:07 | smartagri_server.app | INFO | text_to_speech:460 | ElevenLabs API response status: 402
2026-03-15 23:20:07 | smartagri_server.app | ERROR | text_to_speech:464 | ElevenLabs API error: 402 - {"detail":{"type":"payment_required","code":"paid_plan_required","message":"Free users cannot use library voices via the API. Please upgrade your subscription to use this voice.","status":"payment_req
2026-03-15 23:20:07 | smartagri.app | INFO | wrapper:152 | [20260315232006010290] /api/tts - Completed in 1151.56ms
2026-03-15 23:20:14 | smartagri.app | INFO | wrapper:135 | [20260315232014100550] /api/tts - Request received
2026-03-15 23:20:15 | smartagri_server.app | INFO | text_to_speech:460 | ElevenLabs API response status: 402
2026-03-15 23:20:15 | smartagri_server.app | ERROR | text_to_speech:464 | ElevenLabs API error: 402 - {"detail":{"type":"payment_required","code":"paid_plan_required","message":"Free users cannot use library voices via the API. Please upgrade your subscription to use this voice.","status":"payment_req
2026-03-15 23:20:15 | smartagri.app | INFO | wrapper:152 | [20260315232014100550] /api/tts - Completed in 1109.97ms
2026-03-15 23:21:53 | smartagri.app | INFO | wrapper:135 | [20260315232153277032] /api/tts - Request received
2026-03-15 23:21:53 | smartagri_server.app | INFO | text_to_speech:450 | TTS request: Hello! It's great to connect with you. How can I h...
2026-03-15 23:21:54 | smartagri_server.app | INFO | text_to_speech:460 | ElevenLabs API response status: 402
2026-03-15 23:21:54 | smartagri_server.app | ERROR | text_to_speech:464 | ElevenLabs API error: 402 - {"detail":{"type":"payment_required","code":"paid_plan_required","message":"Free users cannot use library voices via the API. Please upgrade your subscription to use this voice.","status":"payment_req
2026-03-15 23:21:54 | smartagri.app | INFO | wrapper:152 | [20260315232153277032] /api/tts - Completed in 1547.17ms
2026-03-15 23:21:59 | smartagri.app | INFO | wrapper:135 | [20260315232159653002] /api/tts - Request received
2026-03-15 23:22:00 | smartagri_server.app | INFO | text_to_speech:460 | ElevenLabs API response status: 402
2026-03-15 23:22:00 | smartagri_server.app | ERROR | text_to_speech:464 | ElevenLabs API error: 402 - {"detail":{"type":"payment_required","code":"paid_plan_required","message":"Free users cannot use library voices via the API. Please upgrade your subscription to use this voice.","status":"payment_req
2026-03-15 23:22:00 | smartagri.app | INFO | wrapper:152 | [20260315232159653002] /api/tts - Completed in 1140.16ms
2026-03-15 23:23:43 | smartagri_server.app | INFO | <module>:72 | ============================================================
2026-03-15 23:23:43 | smartagri_server.app | INFO | <module>:73 | SmartAgri Server Starting...
2026-03-15 23:23:43 | smartagri_server.app | INFO | <module>:74 | GROQ_API_KEY configured: True
2026-03-15 23:23:43 | smartagri_server.app | INFO | <module>:75 | WEATHER_API_KEY configured: True
2026-03-15 23:23:43 | smartagri_server.app | INFO | <module>:76 | ELEVEN_API_KEY configured: True
2026-03-15 23:23:43 | smartagri_server.app | INFO | <module>:77 | ============================================================
2026-03-15 23:23:43 | smartagri_server.app | INFO | <module>:914 | 
============================================================
2026-03-15 23:23:43 | smartagri_server.app | INFO | <module>:916 | ============================================================
2026-03-15 23:23:43 | smartagri_server.app | INFO | <module>:925 | ============================================================

2026-03-15 23:23:44 | smartagri_server.app | INFO | <module>:72 | ============================================================
2026-03-15 23:23:44 | smartagri_server.app | INFO | <module>:73 | SmartAgri Server Starting...
2026-03-15 23:23:44 | smartagri_server.app | INFO | <module>:74 | GROQ_API_KEY configured: True
2026-03-15 23:23:44 | smartagri_server.app | INFO | <module>:75 | WEATHER_API_KEY configured: True
2026-03-15 23:23:44 | smartagri_server.app | INFO | <module>:76 | ELEVEN_API_KEY configured: True
2026-03-15 23:23:44 | smartagri_server.app | INFO | <module>:77 | ============================================================
2026-03-15 23:23:44 | smartagri_server.app | INFO | <module>:914 | 
============================================================
2026-03-15 23:23:44 | smartagri_server.app | INFO | <module>:916 | ============================================================
2026-03-15 23:23:44 | smartagri_server.app | INFO | <module>:925 | ============================================================

2026-03-15 23:27:46 | smartagri_server.app | INFO | <module>:77 | ============================================================
2026-03-15 23:27:46 | smartagri_server.app | INFO | <module>:78 | SmartAgri Server Starting...
2026-03-15 23:27:46 | smartagri_server.app | INFO | <module>:79 | GROQ_API_KEY configured: True
2026-03-15 23:27:46 | smartagri_server.app | INFO | <module>:80 | WEATHER_API_KEY configured: True
2026-03-15 23:27:46 | smartagri_server.app | INFO | <module>:81 | ELEVEN_API_KEY configured: True
2026-03-15 23:27:46 | smartagri_server.app | INFO | <module>:82 | ============================================================
2026-03-15 23:27:46 | smartagri_server.app | INFO | <module>:922 | 
============================================================
2026-03-15 23:27:46 | smartagri_server.app | INFO | <module>:924 | ============================================================
2026-03-15 23:27:46 | smartagri_server.app | INFO | <module>:933 | ============================================================

2026-03-15 23:27:47 | smartagri_server.app | INFO | <module>:77 | ============================================================
2026-03-15 23:27:47 | smartagri_server.app | INFO | <module>:78 | SmartAgri Server Starting...
2026-03-15 23:27:47 | smartagri_server.app | INFO | <module>:79 | GROQ_API_KEY configured: True
2026-03-15 23:27:47 | smartagri_server.app | INFO | <module>:80 | WEATHER_API_KEY configured: True
2026-03-15 23:27:47 | smartagri_server.app | INFO | <module>:81 | ELEVEN_API_KEY configured: True
2026-03-15 23:27:47 | smartagri_server.app | INFO | <module>:82 | ============================================================
2026-03-15 23:27:47 | smartagri_server.app | INFO | <module>:922 | 
============================================================
2026-03-15 23:27:47 | smartagri_server.app | INFO | <module>:924 | ============================================================
2026-03-15 23:27:47 | smartagri_server.app | INFO | <module>:933 | ============================================================

2026-03-15 23:27:55 | smartagri.app | INFO | wrapper:135 | [20260315232755252896] /api/tts - Request received
2026-03-15 23:27:55 | smartagri_server.app | INFO | text_to_speech:455 | TTS request: Hello! It's great to connect with you. How can I h...
2026-03-15 23:27:56 | smartagri_server.app | INFO | text_to_speech:466 | ElevenLabs API response status: 402
2026-03-15 23:27:56 | smartagri_server.app | ERROR | text_to_speech:470 | ElevenLabs API error: 402 - {"detail":{"type":"payment_required","code":"paid_plan_required","message":"Free users cannot use library voices via the API. Please upgrade your subscription to use this voice.","status":"payment_req
2026-03-15 23:27:56 | smartagri.app | INFO | wrapper:152 | [20260315232755252896] /api/tts - Completed in 1074.36ms
2026-03-15 23:27:58 | smartagri.app | INFO | wrapper:135 | [20260315232758310034] /api/tts - Request received
2026-03-15 23:27:58 | smartagri_server.app | INFO | text_to_speech:455 | TTS request: ????? ??????? ????? ???????? ???? ????????????? ??...
2026-03-15 23:27:59 | smartagri_server.app | INFO | text_to_speech:466 | ElevenLabs API response status: 402
2026-03-15 23:27:59 | smartagri_server.app | ERROR | text_to_speech:470 | ElevenLabs API error: 402 - {"detail":{"type":"payment_required","code":"paid_plan_required","message":"Free users cannot use library voices via the API. Please upgrade your subscription to use this voice.","status":"payment_req
2026-03-15 23:27:59 | smartagri.app | INFO | wrapper:152 | [20260315232758310034] /api/tts - Completed in 1029.8ms
2026-03-15 23:28:08 | smartagri.app | INFO | wrapper:135 | [20260315232808529146] /api/tts - Request received
2026-03-15 23:28:08 | smartagri_server.app | INFO | text_to_speech:455 | TTS request: Hello! It's great to connect with you. How can I h...
2026-03-15 23:28:09 | smartagri_server.app | INFO | text_to_speech:466 | ElevenLabs API response status: 402
2026-03-15 23:28:09 | smartagri_server.app | ERROR | text_to_speech:470 | ElevenLabs API error: 402 - {"detail":{"type":"payment_required","code":"paid_plan_required","message":"Free users cannot use library voices via the API. Please upgrade your subscription to use this voice.","status":"payment_req
2026-03-15 23:28:09 | smartagri.app | INFO | wrapper:152 | [20260315232808529146] /api/tts - Completed in 988.0ms
2026-03-15 23:28:33 | smartagri.app | INFO | wrapper:135 | [20260315232833987516] /api/tts - Request received
2026-03-15 23:28:33 | smartagri_server.app | INFO | text_to_speech:455 | TTS request: Hello! Welcome to our agricultural advisory servic...
2026-03-15 23:28:35 | smartagri_server.app | INFO | text_to_speech:466 | ElevenLabs API response status: 402
2026-03-15 23:28:35 | smartagri_server.app | ERROR | text_to_speech:470 | ElevenLabs API error: 402 - {"detail":{"type":"payment_required","code":"paid_plan_required","message":"Free users cannot use library voices via the API. Please upgrade your subscription to use this voice.","status":"payment_req
2026-03-15 23:28:35 | smartagri.app | INFO | wrapper:152 | [20260315232833987516] /api/tts - Completed in 1116.97ms
2026-03-15 23:32:59 | smartagri_server.app | INFO | <module>:77 | ============================================================
2026-03-15 23:32:59 | smartagri_server.app | INFO | <module>:78 | SmartAgri Server Starting...
2026-03-15 23:32:59 | smartagri_server.app | INFO | <module>:79 | GROQ_API_KEY configured: True
2026-03-15 23:32:59 | smartagri_server.app | INFO | <module>:80 | WEATHER_API_KEY configured: True
2026-03-15 23:32:59 | smartagri_server.app | INFO | <module>:81 | ELEVEN_API_KEY configured: True
2026-03-15 23:32:59 | smartagri_server.app | INFO | <module>:82 | ============================================================
2026-03-15 23:32:59 | smartagri_server.app | INFO | <module>:922 | 
============================================================
2026-03-15 23:32:59 | smartagri_server.app | INFO | <module>:924 | ============================================================
2026-03-15 23:32:59 | smartagri_server.app | INFO | <module>:933 | ============================================================

2026-03-15 23:33:29 | smartagri_server.app | INFO | <module>:77 | ============================================================
2026-03-15 23:33:29 | smartagri_server.app | INFO | <module>:78 | SmartAgri Server Starting...
2026-03-15 23:33:29 | smartagri_server.app | INFO | <module>:79 | GROQ_API_KEY configured: True
2026-03-15 23:33:29 | smartagri_server.app | INFO | <module>:80 | WEATHER_API_KEY configured: True
2026-03-15 23:33:29 | smartagri_server.app | INFO | <module>:81 | ELEVEN_API_KEY configured: True
2026-03-15 23:33:29 | smartagri_server.app | INFO | <module>:82 | ============================================================
2026-03-15 23:33:29 | smartagri_server.app | INFO | <module>:922 | 
============================================================
2026-03-15 23:33:29 | smartagri_server.app | INFO | <module>:924 | ============================================================
2026-03-15 23:33:29 | smartagri_server.app | INFO | <module>:933 | ============================================================

2026-03-15 23:33:30 | smartagri_server.app | INFO | <module>:77 | ============================================================
2026-03-15 23:33:30 | smartagri_server.app | INFO | <module>:78 | SmartAgri Server Starting...
2026-03-15 23:33:30 | smartagri_server.app | INFO | <module>:79 | GROQ_API_KEY configured: True
2026-03-15 23:33:30 | smartagri_server.app | INFO | <module>:80 | WEATHER_API_KEY configured: True
2026-03-15 23:33:30 | smartagri_server.app | INFO | <module>:81 | ELEVEN_API_KEY configured: True
2026-03-15 23:33:30 | smartagri_server.app | INFO | <module>:82 | ============================================================
2026-03-15 23:33:30 | smartagri_server.app | INFO | <module>:922 | 
============================================================
2026-03-15 23:33:30 | smartagri_server.app | INFO | <module>:924 | ============================================================
2026-03-15 23:33:30 | smartagri_server.app | INFO | <module>:933 | ============================================================

2026-03-15 23:33:47 | smartagri.app | INFO | wrapper:135 | [20260315233347659739] /api/tts - Request received
2026-03-15 23:33:47 | smartagri_server.app | INFO | text_to_speech:455 | TTS request: Hello! It's great to connect with you. How can I h...
2026-03-15 23:33:48 | smartagri_server.app | INFO | text_to_speech:466 | ElevenLabs API response status: 402
2026-03-15 23:33:48 | smartagri_server.app | ERROR | text_to_speech:470 | ElevenLabs API error: 402 - {"detail":{"type":"payment_required","code":"paid_plan_required","message":"Free users cannot use library voices via the API. Please upgrade your subscription to use this voice.","status":"payment_req
2026-03-15 23:33:48 | smartagri.app | INFO | wrapper:152 | [20260315233347659739] /api/tts - Completed in 1271.24ms
2026-03-15 23:33:53 | smartagri.app | INFO | wrapper:135 | [20260315233353992102] /api/tts - Request received
2026-03-15 23:33:53 | smartagri_server.app | INFO | text_to_speech:455 | TTS request: ????? ??????? ????? ???????? ???? ????????????? ??...
2026-03-15 23:33:54 | smartagri_server.app | INFO | text_to_speech:466 | ElevenLabs API response status: 402
2026-03-15 23:33:54 | smartagri_server.app | ERROR | text_to_speech:470 | ElevenLabs API error: 402 - {"detail":{"type":"payment_required","code":"paid_plan_required","message":"Free users cannot use library voices via the API. Please upgrade your subscription to use this voice.","status":"payment_req
2026-03-15 23:33:54 | smartagri.app | INFO | wrapper:152 | [20260315233353992102] /api/tts - Completed in 974.45ms
2026-03-15 23:34:57 | smartagri_server.app | INFO | <module>:77 | ============================================================
2026-03-15 23:34:57 | smartagri_server.app | INFO | <module>:78 | SmartAgri Server Starting...
2026-03-15 23:34:57 | smartagri_server.app | INFO | <module>:79 | GROQ_API_KEY configured: True
2026-03-15 23:34:57 | smartagri_server.app | INFO | <module>:80 | WEATHER_API_KEY configured: True
2026-03-15 23:34:57 | smartagri_server.app | INFO | <module>:81 | ELEVEN_API_KEY configured: True
2026-03-15 23:34:57 | smartagri_server.app | INFO | <module>:82 | ============================================================
2026-03-15 23:34:57 | smartagri_server.app | INFO | <module>:922 | 
============================================================
2026-03-15 23:34:57 | smartagri_server.app | INFO | <module>:924 | ============================================================
2026-03-15 23:34:57 | smartagri_server.app | INFO | <module>:933 | ============================================================

2026-03-15 23:34:57 | smartagri_server.app | INFO | <module>:77 | ============================================================
2026-03-15 23:34:57 | smartagri_server.app | INFO | <module>:78 | SmartAgri Server Starting...
2026-03-15 23:34:57 | smartagri_server.app | INFO | <module>:79 | GROQ_API_KEY configured: True
2026-03-15 23:34:57 | smartagri_server.app | INFO | <module>:80 | WEATHER_API_KEY configured: True
2026-03-15 23:34:57 | smartagri_server.app | INFO | <module>:81 | ELEVEN_API_KEY configured: True
2026-03-15 23:34:57 | smartagri_server.app | INFO | <module>:82 | ============================================================
2026-03-15 23:34:57 | smartagri_server.app | INFO | <module>:922 | 
============================================================
2026-03-15 23:34:57 | smartagri_server.app | INFO | <module>:924 | ============================================================
2026-03-15 23:34:57 | smartagri_server.app | INFO | <module>:933 | ============================================================

2026-03-15 23:35:01 | smartagri_server.app | INFO | <module>:77 | ============================================================
2026-03-15 23:35:01 | smartagri_server.app | INFO | <module>:78 | SmartAgri Server Starting...
2026-03-15 23:35:01 | smartagri_server.app | INFO | <module>:79 | GROQ_API_KEY configured: True
2026-03-15 23:35:01 | smartagri_server.app | INFO | <module>:80 | WEATHER_API_KEY configured: True
2026-03-15 23:35:01 | smartagri_server.app | INFO | <module>:81 | ELEVEN_API_KEY configured: True
2026-03-15 23:35:01 | smartagri_server.app | INFO | <module>:82 | ============================================================
2026-03-15 23:35:01 | smartagri_server.app | INFO | <module>:922 | 
============================================================
2026-03-15 23:35:01 | smartagri_server.app | INFO | <module>:924 | ============================================================
2026-03-15 23:35:01 | smartagri_server.app | INFO | <module>:933 | ============================================================

2026-03-15 23:35:01 | smartagri_server.app | INFO | <module>:77 | ============================================================
2026-03-15 23:35:01 | smartagri_server.app | INFO | <module>:78 | SmartAgri Server Starting...
2026-03-15 23:35:01 | smartagri_server.app | INFO | <module>:79 | GROQ_API_KEY configured: True
2026-03-15 23:35:01 | smartagri_server.app | INFO | <module>:80 | WEATHER_API_KEY configured: True
2026-03-15 23:35:01 | smartagri_server.app | INFO | <module>:81 | ELEVEN_API_KEY configured: True
2026-03-15 23:35:01 | smartagri_server.app | INFO | <module>:82 | ============================================================
2026-03-15 23:35:01 | smartagri_server.app | INFO | <module>:922 | 
============================================================
2026-03-15 23:35:01 | smartagri_server.app | INFO | <module>:924 | ============================================================
2026-03-15 23:35:01 | smartagri_server.app | INFO | <module>:933 | ============================================================

2026-03-15 23:35:03 | smartagri_server.app | INFO | <module>:77 | ============================================================
2026-03-15 23:35:03 | smartagri_server.app | INFO | <module>:78 | SmartAgri Server Starting...
2026-03-15 23:35:03 | smartagri_server.app | INFO | <module>:79 | GROQ_API_KEY configured: True
2026-03-15 23:35:03 | smartagri_server.app | INFO | <module>:80 | WEATHER_API_KEY configured: True
2026-03-15 23:35:03 | smartagri_server.app | INFO | <module>:81 | ELEVEN_API_KEY configured: True
2026-03-15 23:35:03 | smartagri_server.app | INFO | <module>:82 | ============================================================
2026-03-15 23:35:03 | smartagri_server.app | INFO | <module>:922 | 
============================================================
2026-03-15 23:35:03 | smartagri_server.app | INFO | <module>:924 | ============================================================
2026-03-15 23:35:03 | smartagri_server.app | INFO | <module>:933 | ============================================================

2026-03-15 23:35:03 | smartagri_server.app | INFO | <module>:77 | ============================================================
2026-03-15 23:35:03 | smartagri_server.app | INFO | <module>:78 | SmartAgri Server Starting...
2026-03-15 23:35:03 | smartagri_server.app | INFO | <module>:79 | GROQ_API_KEY configured: True
2026-03-15 23:35:03 | smartagri_server.app | INFO | <module>:80 | WEATHER_API_KEY configured: True
2026-03-15 23:35:03 | smartagri_server.app | INFO | <module>:81 | ELEVEN_API_KEY configured: True
2026-03-15 23:35:03 | smartagri_server.app | INFO | <module>:82 | ============================================================
2026-03-15 23:35:03 | smartagri_server.app | INFO | <module>:922 | 
============================================================
2026-03-15 23:35:03 | smartagri_server.app | INFO | <module>:924 | ============================================================
2026-03-15 23:35:03 | smartagri_server.app | INFO | <module>:933 | ============================================================

2026-03-15 23:35:05 | smartagri_server.app | INFO | <module>:77 | ============================================================
2026-03-15 23:35:05 | smartagri_server.app | INFO | <module>:78 | SmartAgri Server Starting...
2026-03-15 23:35:05 | smartagri_server.app | INFO | <module>:79 | GROQ_API_KEY configured: True
2026-03-15 23:35:05 | smartagri_server.app | INFO | <module>:80 | WEATHER_API_KEY configured: True
2026-03-15 23:35:05 | smartagri_server.app | INFO | <module>:81 | ELEVEN_API_KEY configured: True
2026-03-15 23:35:05 | smartagri_server.app | INFO | <module>:82 | ============================================================
2026-03-15 23:35:05 | smartagri_server.app | INFO | <module>:922 | 
============================================================
2026-03-15 23:35:05 | smartagri_server.app | INFO | <module>:924 | ============================================================
2026-03-15 23:35:05 | smartagri_server.app | INFO | <module>:933 | ============================================================

2026-03-15 23:35:05 | smartagri_server.app | INFO | <module>:77 | ============================================================
2026-03-15 23:35:05 | smartagri_server.app | INFO | <module>:78 | SmartAgri Server Starting...
2026-03-15 23:35:05 | smartagri_server.app | INFO | <module>:79 | GROQ_API_KEY configured: True
2026-03-15 23:35:05 | smartagri_server.app | INFO | <module>:80 | WEATHER_API_KEY configured: True
2026-03-15 23:35:05 | smartagri_server.app | INFO | <module>:81 | ELEVEN_API_KEY configured: True
2026-03-15 23:35:05 | smartagri_server.app | INFO | <module>:82 | ============================================================
2026-03-15 23:35:06 | smartagri_server.app | INFO | <module>:922 | 
============================================================
2026-03-15 23:35:06 | smartagri_server.app | INFO | <module>:924 | ============================================================
2026-03-15 23:35:06 | smartagri_server.app | INFO | <module>:933 | ============================================================

2026-03-15 23:35:08 | smartagri_server.app | INFO | <module>:77 | ============================================================
2026-03-15 23:35:08 | smartagri_server.app | INFO | <module>:78 | SmartAgri Server Starting...
2026-03-15 23:35:08 | smartagri_server.app | INFO | <module>:79 | GROQ_API_KEY configured: True
2026-03-15 23:35:08 | smartagri_server.app | INFO | <module>:80 | WEATHER_API_KEY configured: True
2026-03-15 23:35:08 | smartagri_server.app | INFO | <module>:81 | ELEVEN_API_KEY configured: True
2026-03-15 23:35:08 | smartagri_server.app | INFO | <module>:82 | ============================================================
2026-03-15 23:35:08 | smartagri_server.app | INFO | <module>:922 | 
============================================================
2026-03-15 23:35:08 | smartagri_server.app | INFO | <module>:924 | ============================================================
2026-03-15 23:35:08 | smartagri_server.app | INFO | <module>:933 | ============================================================

2026-03-15 23:35:08 | smartagri_server.app | INFO | <module>:77 | ============================================================
2026-03-15 23:35:08 | smartagri_server.app | INFO | <module>:78 | SmartAgri Server Starting...
2026-03-15 23:35:08 | smartagri_server.app | INFO | <module>:79 | GROQ_API_KEY configured: True
2026-03-15 23:35:08 | smartagri_server.app | INFO | <module>:80 | WEATHER_API_KEY configured: True
2026-03-15 23:35:08 | smartagri_server.app | INFO | <module>:81 | ELEVEN_API_KEY configured: True
2026-03-15 23:35:08 | smartagri_server.app | INFO | <module>:82 | ============================================================
2026-03-15 23:35:08 | smartagri_server.app | INFO | <module>:922 | 
============================================================
2026-03-15 23:35:08 | smartagri_server.app | INFO | <module>:924 | ============================================================
2026-03-15 23:35:08 | smartagri_server.app | INFO | <module>:933 | ============================================================

2026-03-15 23:35:11 | smartagri_server.app | INFO | <module>:77 | ============================================================
2026-03-15 23:35:11 | smartagri_server.app | INFO | <module>:78 | SmartAgri Server Starting...
2026-03-15 23:35:11 | smartagri_server.app | INFO | <module>:79 | GROQ_API_KEY configured: True
2026-03-15 23:35:11 | smartagri_server.app | INFO | <module>:80 | WEATHER_API_KEY configured: True
2026-03-15 23:35:11 | smartagri_server.app | INFO | <module>:81 | ELEVEN_API_KEY configured: True
2026-03-15 23:35:11 | smartagri_server.app | INFO | <module>:82 | ============================================================
2026-03-15 23:35:11 | smartagri_server.app | INFO | <module>:922 | 
============================================================
2026-03-15 23:35:11 | smartagri_server.app | INFO | <module>:924 | ============================================================
2026-03-15 23:35:11 | smartagri_server.app | INFO | <module>:933 | ============================================================

2026-03-15 23:35:11 | smartagri_server.app | INFO | <module>:77 | ============================================================
2026-03-15 23:35:11 | smartagri_server.app | INFO | <module>:78 | SmartAgri Server Starting...
2026-03-15 23:35:11 | smartagri_server.app | INFO | <module>:79 | GROQ_API_KEY configured: True
2026-03-15 23:35:11 | smartagri_server.app | INFO | <module>:80 | WEATHER_API_KEY configured: True
2026-03-15 23:35:11 | smartagri_server.app | INFO | <module>:81 | ELEVEN_API_KEY configured: True
2026-03-15 23:35:11 | smartagri_server.app | INFO | <module>:82 | ============================================================
2026-03-15 23:35:11 | smartagri_server.app | INFO | <module>:922 | 
============================================================
2026-03-15 23:35:11 | smartagri_server.app | INFO | <module>:924 | ============================================================
2026-03-15 23:35:11 | smartagri_server.app | INFO | <module>:933 | ============================================================

2026-03-15 23:35:13 | smartagri_server.app | INFO | <module>:77 | ============================================================
2026-03-15 23:35:13 | smartagri_server.app | INFO | <module>:78 | SmartAgri Server Starting...
2026-03-15 23:35:13 | smartagri_server.app | INFO | <module>:79 | GROQ_API_KEY configured: True
2026-03-15 23:35:13 | smartagri_server.app | INFO | <module>:80 | WEATHER_API_KEY configured: True
2026-03-15 23:35:13 | smartagri_server.app | INFO | <module>:81 | ELEVEN_API_KEY configured: True
2026-03-15 23:35:13 | smartagri_server.app | INFO | <module>:82 | ============================================================
2026-03-15 23:35:13 | smartagri_server.app | INFO | <module>:922 | 
============================================================
2026-03-15 23:35:13 | smartagri_server.app | INFO | <module>:924 | ============================================================
2026-03-15 23:35:13 | smartagri_server.app | INFO | <module>:77 | ============================================================
2026-03-15 23:35:13 | smartagri_server.app | INFO | <module>:78 | SmartAgri Server Starting...
2026-03-15 23:35:13 | smartagri_server.app | INFO | <module>:79 | GROQ_API_KEY configured: True
2026-03-15 23:35:13 | smartagri_server.app | INFO | <module>:80 | WEATHER_API_KEY configured: True
2026-03-15 23:35:13 | smartagri_server.app | INFO | <module>:81 | ELEVEN_API_KEY configured: True
2026-03-15 23:35:13 | smartagri_server.app | INFO | <module>:82 | ============================================================
2026-03-15 23:35:13 | smartagri_server.app | INFO | <module>:933 | ============================================================

2026-03-15 23:35:13 | smartagri_server.app | INFO | <module>:922 | 
============================================================
2026-03-15 23:35:13 | smartagri_server.app | INFO | <module>:924 | ============================================================
2026-03-15 23:35:13 | smartagri_server.app | INFO | <module>:933 | ============================================================

2026-03-15 23:35:16 | smartagri_server.app | INFO | <module>:77 | ============================================================
2026-03-15 23:35:16 | smartagri_server.app | INFO | <module>:78 | SmartAgri Server Starting...
2026-03-15 23:35:16 | smartagri_server.app | INFO | <module>:79 | GROQ_API_KEY configured: True
2026-03-15 23:35:16 | smartagri_server.app | INFO | <module>:80 | WEATHER_API_KEY configured: True
2026-03-15 23:35:16 | smartagri_server.app | INFO | <module>:81 | ELEVEN_API_KEY configured: True
2026-03-15 23:35:16 | smartagri_server.app | INFO | <module>:82 | ============================================================
2026-03-15 23:35:16 | smartagri_server.app | INFO | <module>:77 | ============================================================
2026-03-15 23:35:16 | smartagri_server.app | INFO | <module>:78 | SmartAgri Server Starting...
2026-03-15 23:35:16 | smartagri_server.app | INFO | <module>:79 | GROQ_API_KEY configured: True
2026-03-15 23:35:16 | smartagri_server.app | INFO | <module>:80 | WEATHER_API_KEY configured: True
2026-03-15 23:35:16 | smartagri_server.app | INFO | <module>:81 | ELEVEN_API_KEY configured: True
2026-03-15 23:35:16 | smartagri_server.app | INFO | <module>:82 | ============================================================
2026-03-15 23:35:16 | smartagri_server.app | INFO | <module>:922 | 
============================================================
2026-03-15 23:35:16 | smartagri_server.app | INFO | <module>:924 | ============================================================
2026-03-15 23:35:16 | smartagri_server.app | INFO | <module>:933 | ============================================================

2026-03-15 23:35:16 | smartagri_server.app | INFO | <module>:922 | 
============================================================
2026-03-15 23:35:16 | smartagri_server.app | INFO | <module>:924 | ============================================================
2026-03-15 23:35:16 | smartagri_server.app | INFO | <module>:933 | ============================================================

2026-03-15 23:40:56 | smartagri_server.app | INFO | <module>:77 | ============================================================
2026-03-15 23:40:56 | smartagri_server.app | INFO | <module>:78 | SmartAgri Server Starting...
2026-03-15 23:40:56 | smartagri_server.app | INFO | <module>:79 | GROQ_API_KEY configured: True
2026-03-15 23:40:56 | smartagri_server.app | INFO | <module>:80 | WEATHER_API_KEY configured: True
2026-03-15 23:40:56 | smartagri_server.app | INFO | <module>:81 | ELEVEN_API_KEY configured: True
2026-03-15 23:40:56 | smartagri_server.app | INFO | <module>:82 | ============================================================
2026-03-15 23:40:56 | smartagri_server.app | INFO | <module>:922 | 
============================================================
2026-03-15 23:40:56 | smartagri_server.app | INFO | <module>:924 | ============================================================
2026-03-15 23:40:56 | smartagri_server.app | INFO | <module>:933 | ============================================================

2026-03-15 23:40:58 | smartagri_server.app | INFO | <module>:77 | ============================================================
2026-03-15 23:40:58 | smartagri_server.app | INFO | <module>:78 | SmartAgri Server Starting...
2026-03-15 23:40:58 | smartagri_server.app | INFO | <module>:79 | GROQ_API_KEY configured: True
2026-03-15 23:40:58 | smartagri_server.app | INFO | <module>:80 | WEATHER_API_KEY configured: True
2026-03-15 23:40:58 | smartagri_server.app | INFO | <module>:81 | ELEVEN_API_KEY configured: True
2026-03-15 23:40:58 | smartagri_server.app | INFO | <module>:82 | ============================================================
2026-03-15 23:40:58 | smartagri_server.app | INFO | <module>:922 | 
============================================================
2026-03-15 23:40:58 | smartagri_server.app | INFO | <module>:924 | ============================================================
2026-03-15 23:40:58 | smartagri_server.app | INFO | <module>:933 | ============================================================

2026-03-15 23:41:13 | smartagri.app | INFO | wrapper:135 | [20260315234113648400] /api/tts - Request received
2026-03-15 23:41:13 | smartagri_server.app | INFO | text_to_speech:455 | TTS request: ???????...
2026-03-15 23:41:14 | smartagri_server.app | INFO | text_to_speech:466 | ElevenLabs API response status: 402
2026-03-15 23:41:14 | smartagri_server.app | ERROR | text_to_speech:470 | ElevenLabs API error: 402 - {"detail":{"type":"payment_required","code":"paid_plan_required","message":"Free users cannot use library voices via the API. Please upgrade your subscription to use this voice.","status":"payment_req
2026-03-15 23:41:14 | smartagri.app | INFO | wrapper:152 | [20260315234113648400] /api/tts - Completed in 971.29ms
2026-03-15 23:44:41 | smartagri_server.app | INFO | <module>:77 | ============================================================
2026-03-15 23:44:41 | smartagri_server.app | INFO | <module>:78 | SmartAgri Server Starting...
2026-03-15 23:44:41 | smartagri_server.app | INFO | <module>:79 | GROQ_API_KEY configured: True
2026-03-15 23:44:41 | smartagri_server.app | INFO | <module>:80 | WEATHER_API_KEY configured: True
2026-03-15 23:44:41 | smartagri_server.app | INFO | <module>:81 | ELEVEN_API_KEY configured: True
2026-03-15 23:44:41 | smartagri_server.app | INFO | <module>:82 | ============================================================
2026-03-15 23:44:41 | smartagri_server.app | INFO | <module>:922 | 
============================================================
2026-03-15 23:44:41 | smartagri_server.app | INFO | <module>:924 | ============================================================
2026-03-15 23:44:41 | smartagri_server.app | INFO | <module>:933 | ============================================================

2026-03-15 23:45:41 | smartagri_server.app | INFO | <module>:81 | ============================================================
2026-03-15 23:45:41 | smartagri_server.app | INFO | <module>:82 | SmartAgri Server Starting...
2026-03-15 23:45:41 | smartagri_server.app | INFO | <module>:83 | GROQ_API_KEY configured: True
2026-03-15 23:45:41 | smartagri_server.app | INFO | <module>:84 | WEATHER_API_KEY configured: True
2026-03-15 23:45:41 | smartagri_server.app | INFO | <module>:85 | ELEVEN_API_KEY configured: True
2026-03-15 23:45:41 | smartagri_server.app | INFO | <module>:86 | ============================================================
2026-03-15 23:45:41 | smartagri_server.app | INFO | <module>:925 | 
============================================================
2026-03-15 23:45:41 | smartagri_server.app | INFO | <module>:927 | ============================================================
2026-03-15 23:45:41 | smartagri_server.app | INFO | <module>:936 | ============================================================

2026-03-15 23:46:11 | smartagri_server.app | INFO | <module>:81 | ============================================================
2026-03-15 23:46:11 | smartagri_server.app | INFO | <module>:82 | SmartAgri Server Starting...
2026-03-15 23:46:11 | smartagri_server.app | INFO | <module>:83 | GROQ_API_KEY configured: True
2026-03-15 23:46:11 | smartagri_server.app | INFO | <module>:84 | WEATHER_API_KEY configured: True
2026-03-15 23:46:11 | smartagri_server.app | INFO | <module>:85 | ELEVEN_API_KEY configured: True
2026-03-15 23:46:11 | smartagri_server.app | INFO | <module>:86 | ============================================================
2026-03-15 23:46:11 | smartagri_server.app | INFO | <module>:925 | 
============================================================
2026-03-15 23:46:11 | smartagri_server.app | INFO | <module>:927 | ============================================================
2026-03-15 23:46:11 | smartagri_server.app | INFO | <module>:936 | ============================================================

2026-03-15 23:46:12 | smartagri_server.app | INFO | <module>:81 | ============================================================
2026-03-15 23:46:12 | smartagri_server.app | INFO | <module>:82 | SmartAgri Server Starting...
2026-03-15 23:46:12 | smartagri_server.app | INFO | <module>:83 | GROQ_API_KEY configured: True
2026-03-15 23:46:12 | smartagri_server.app | INFO | <module>:84 | WEATHER_API_KEY configured: True
2026-03-15 23:46:12 | smartagri_server.app | INFO | <module>:85 | ELEVEN_API_KEY configured: True
2026-03-15 23:46:12 | smartagri_server.app | INFO | <module>:86 | ============================================================
2026-03-15 23:46:13 | smartagri_server.app | INFO | <module>:925 | 
============================================================
2026-03-15 23:46:13 | smartagri_server.app | INFO | <module>:927 | ============================================================
2026-03-15 23:46:13 | smartagri_server.app | INFO | <module>:936 | ============================================================

2026-03-15 23:54:04 | smartagri_server.app | INFO | <module>:81 | ============================================================
2026-03-15 23:54:04 | smartagri_server.app | INFO | <module>:82 | SmartAgri Server Starting...
2026-03-15 23:54:04 | smartagri_server.app | INFO | <module>:83 | GROQ_API_KEY configured: True
2026-03-15 23:54:04 | smartagri_server.app | INFO | <module>:84 | WEATHER_API_KEY configured: True
2026-03-15 23:54:04 | smartagri_server.app | INFO | <module>:85 | ELEVEN_API_KEY configured: True
2026-03-15 23:54:04 | smartagri_server.app | INFO | <module>:86 | ============================================================
2026-03-15 23:54:04 | smartagri_server.app | INFO | <module>:925 | 
============================================================
2026-03-15 23:54:04 | smartagri_server.app | INFO | <module>:927 | ============================================================
2026-03-15 23:54:04 | smartagri_server.app | INFO | <module>:936 | ============================================================

2026-03-16 00:00:37 | smartagri.app | INFO | wrapper:135 | [20260316000037540796] /api/tts - Request received
2026-03-16 00:00:37 | smartagri_server.app | INFO | text_to_speech:459 | TTS request: ???????...
2026-03-16 00:00:38 | smartagri_server.app | INFO | text_to_speech:469 | ElevenLabs API response status: 401
2026-03-16 00:00:38 | smartagri_server.app | ERROR | text_to_speech:473 | ElevenLabs API error: 401 - {"detail":{"status":"invalid_api_key","message":"Invalid API key"}}
2026-03-16 00:00:38 | smartagri.app | INFO | wrapper:152 | [20260316000037540796] /api/tts - Completed in 700.66ms
2026-03-16 00:00:59 | smartagri.app | INFO | wrapper:135 | [20260316000059185592] /api/tts - Request received
2026-03-16 00:00:59 | smartagri_server.app | INFO | text_to_speech:459 | TTS request: Namaste! I'm your AI Farm Assistant. I can help yo...
2026-03-16 00:01:00 | smartagri_server.app | INFO | text_to_speech:469 | ElevenLabs API response status: 401
2026-03-16 00:01:00 | smartagri_server.app | ERROR | text_to_speech:473 | ElevenLabs API error: 401 - {"detail":{"status":"invalid_api_key","message":"Invalid API key"}}
2026-03-16 00:01:00 | smartagri.app | INFO | wrapper:152 | [20260316000059185592] /api/tts - Completed in 953.67ms
2026-03-16 00:03:03 | smartagri.app | INFO | wrapper:135 | [20260316000303540796] /api/chat - Request received
2026-03-16 00:03:03 | smartagri_server.app | INFO | chat:360 | Chat request: Hello, how are you?... (lang: en)
2026-03-16 00:03:03 | smartagri.app | INFO | wrapper:152 | [20260316000303540796] /api/chat - Completed in 2.25ms
2026-03-16 00:03:18 | smartagri.app | INFO | wrapper:135 | [20260316000318156659] /api/tts - Request received
2026-03-16 00:03:18 | smartagri_server.app | INFO | text_to_speech:459 | TTS request: Namaste! I'm doing well, thank you for asking. It'...
2026-03-16 00:03:19 | smartagri_server.app | INFO | text_to_speech:469 | ElevenLabs API response status: 401
2026-03-16 00:03:19 | smartagri_server.app | ERROR | text_to_speech:473 | ElevenLabs API error: 401 - {"detail":{"status":"invalid_api_key","message":"Invalid API key"}}
2026-03-16 00:03:19 | smartagri.app | INFO | wrapper:152 | [20260316000318156659] /api/tts - Completed in 1244.84ms
2026-03-16 00:05:39 | smartagri_server.app | INFO | <module>:81 | ============================================================
2026-03-16 00:05:39 | smartagri_server.app | INFO | <module>:82 | SmartAgri Server Starting...
2026-03-16 00:05:39 | smartagri_server.app | INFO | <module>:83 | GROQ_API_KEY configured: True
2026-03-16 00:05:39 | smartagri_server.app | INFO | <module>:84 | WEATHER_API_KEY configured: True
2026-03-16 00:05:39 | smartagri_server.app | INFO | <module>:85 | ELEVEN_API_KEY configured: True
2026-03-16 00:05:39 | smartagri_server.app | INFO | <module>:86 | ============================================================
2026-03-16 00:05:40 | smartagri_server.app | INFO | <module>:925 | 
============================================================
2026-03-16 00:05:40 | smartagri_server.app | INFO | <module>:927 | ============================================================
2026-03-16 00:05:40 | smartagri_server.app | INFO | <module>:936 | ============================================================

2026-03-16 00:05:46 | smartagri.app | INFO | wrapper:135 | [20260316000546447564] /api/chat - Request received
2026-03-16 00:05:46 | smartagri_server.app | INFO | chat:360 | Chat request: How to control aphids naturally?... (lang: en)
2026-03-16 00:05:46 | smartagri.app | INFO | wrapper:152 | [20260316000546447564] /api/chat - Completed in 0.0ms
2026-03-16 00:05:55 | smartagri.app | INFO | wrapper:135 | [20260316000555929225] /api/chat - Request received
2026-03-16 00:05:55 | smartagri_server.app | INFO | chat:360 | Chat request: hi... (lang: en)
2026-03-16 00:05:55 | smartagri.app | INFO | wrapper:152 | [20260316000555929225] /api/chat - Completed in 1.03ms
2026-03-16 00:05:59 | smartagri.app | INFO | wrapper:135 | [20260316000559974419] /api/chat - Request received
2026-03-16 00:05:59 | smartagri_server.app | INFO | chat:360 | Chat request: ty... (lang: en)
2026-03-16 00:05:59 | smartagri.app | INFO | wrapper:152 | [20260316000559974419] /api/chat - Completed in 1.54ms
2026-03-16 00:06:04 | smartagri.app | INFO | wrapper:135 | [20260316000604109875] /api/chat - Request received
2026-03-16 00:06:04 | smartagri_server.app | INFO | chat:360 | Chat request: oil... (lang: en)
2026-03-16 00:06:04 | smartagri.app | INFO | wrapper:152 | [20260316000604109875] /api/chat - Completed in 1.1ms
2026-03-16 00:09:22 | smartagri.app | INFO | wrapper:135 | [20260316000922337538] /api/chat - Request received
2026-03-16 00:09:22 | smartagri_server.app | INFO | chat:360 | Chat request: ji... (lang: en)
2026-03-16 00:09:22 | smartagri.app | INFO | wrapper:152 | [20260316000922337538] /api/chat - Completed in 0.0ms
2026-03-16 00:10:02 | smartagri_server.app | INFO | <module>:81 | ============================================================
2026-03-16 00:10:02 | smartagri_server.app | INFO | <module>:82 | SmartAgri Server Starting...
2026-03-16 00:10:02 | smartagri_server.app | INFO | <module>:83 | GROQ_API_KEY configured: True
2026-03-16 00:10:02 | smartagri_server.app | INFO | <module>:84 | WEATHER_API_KEY configured: True
2026-03-16 00:10:03 | smartagri_server.app | INFO | <module>:85 | ELEVEN_API_KEY configured: True
2026-03-16 00:10:03 | smartagri_server.app | INFO | <module>:86 | ============================================================
2026-03-16 00:10:03 | smartagri_server.app | INFO | <module>:924 | 
============================================================
2026-03-16 00:10:03 | smartagri_server.app | INFO | <module>:926 | ============================================================
2026-03-16 00:10:03 | smartagri_server.app | INFO | <module>:935 | ============================================================

2026-03-16 00:10:13 | smartagri.app | INFO | wrapper:135 | [20260316001013523945] /api/tts - Request received
2026-03-16 00:10:13 | smartagri_server.app | INFO | text_to_speech:459 | TTS request received
2026-03-16 00:10:14 | smartagri_server.app | INFO | text_to_speech:468 | ElevenLabs API response status: 401
2026-03-16 00:10:14 | smartagri_server.app | ERROR | text_to_speech:472 | ElevenLabs API error: 401 - {"detail":{"status":"invalid_api_key","message":"Invalid API key"}}
2026-03-16 00:10:14 | smartagri.app | INFO | wrapper:152 | [20260316001013523945] /api/tts - Completed in 1013.81ms
2026-03-16 00:11:01 | smartagri_server.app | INFO | <module>:81 | ============================================================
2026-03-16 00:11:01 | smartagri_server.app | INFO | <module>:82 | SmartAgri Server Starting...
2026-03-16 00:11:01 | smartagri_server.app | INFO | <module>:83 | GROQ_API_KEY configured: True
2026-03-16 00:11:01 | smartagri_server.app | INFO | <module>:84 | WEATHER_API_KEY configured: True
2026-03-16 00:11:01 | smartagri_server.app | INFO | <module>:85 | ELEVEN_API_KEY configured: True
2026-03-16 00:11:01 | smartagri_server.app | INFO | <module>:86 | ============================================================
2026-03-16 00:11:01 | smartagri_server.app | INFO | <module>:924 | 
============================================================
2026-03-16 00:11:01 | smartagri_server.app | INFO | <module>:926 | ============================================================
2026-03-16 00:11:01 | smartagri_server.app | INFO | <module>:935 | ============================================================

2026-03-16 00:11:02 | smartagri_server.app | INFO | <module>:81 | ============================================================
2026-03-16 00:11:02 | smartagri_server.app | INFO | <module>:82 | SmartAgri Server Starting...
2026-03-16 00:11:02 | smartagri_server.app | INFO | <module>:83 | GROQ_API_KEY configured: True
2026-03-16 00:11:02 | smartagri_server.app | INFO | <module>:84 | WEATHER_API_KEY configured: True
2026-03-16 00:11:02 | smartagri_server.app | INFO | <module>:85 | ELEVEN_API_KEY configured: True
2026-03-16 00:11:02 | smartagri_server.app | INFO | <module>:86 | ============================================================
2026-03-16 00:11:02 | smartagri_server.app | INFO | <module>:924 | 
============================================================
2026-03-16 00:11:02 | smartagri_server.app | INFO | <module>:926 | ============================================================
2026-03-16 00:11:02 | smartagri_server.app | INFO | <module>:935 | ============================================================

2026-03-16 00:11:37 | smartagri.app | INFO | wrapper:135 | [20260316001137000916] /api/chat - Request received
2026-03-16 00:11:37 | smartagri_server.app | INFO | chat:360 | Chat request: hi... (lang: en)
2026-03-16 00:11:37 | smartagri.app | INFO | wrapper:152 | [20260316001137000916] /api/chat - Completed in 3.5ms
2026-03-16 00:13:17 | smartagri_server.app | INFO | <module>:81 | ============================================================
2026-03-16 00:13:17 | smartagri_server.app | INFO | <module>:82 | SmartAgri Server Starting...
2026-03-16 00:13:17 | smartagri_server.app | INFO | <module>:83 | GROQ_API_KEY configured: True
2026-03-16 00:13:17 | smartagri_server.app | INFO | <module>:84 | WEATHER_API_KEY configured: True
2026-03-16 00:13:17 | smartagri_server.app | INFO | <module>:85 | ELEVEN_API_KEY configured: True
2026-03-16 00:13:17 | smartagri_server.app | INFO | <module>:86 | ============================================================
2026-03-16 00:13:17 | smartagri_server.app | INFO | <module>:924 | 
============================================================
2026-03-16 00:13:17 | smartagri_server.app | INFO | <module>:926 | ============================================================
2026-03-16 00:13:17 | smartagri_server.app | INFO | <module>:935 | ============================================================

2026-03-16 00:14:44 | smartagri_server.app | INFO | <module>:81 | ============================================================
2026-03-16 00:14:44 | smartagri_server.app | INFO | <module>:82 | SmartAgri Server Starting...
2026-03-16 00:14:44 | smartagri_server.app | INFO | <module>:83 | GROQ_API_KEY configured: True
2026-03-16 00:14:44 | smartagri_server.app | INFO | <module>:84 | WEATHER_API_KEY configured: True
2026-03-16 00:14:44 | smartagri_server.app | INFO | <module>:85 | ELEVEN_API_KEY configured: True
2026-03-16 00:14:44 | smartagri_server.app | INFO | <module>:86 | ============================================================
2026-03-16 00:14:44 | smartagri_server.app | INFO | <module>:924 | 
============================================================
2026-03-16 00:14:44 | smartagri_server.app | INFO | <module>:926 | ============================================================
2026-03-16 00:14:44 | smartagri_server.app | INFO | <module>:935 | ============================================================

2026-03-16 00:14:46 | smartagri_server.app | INFO | <module>:81 | ============================================================
2026-03-16 00:14:46 | smartagri_server.app | INFO | <module>:82 | SmartAgri Server Starting...
2026-03-16 00:14:46 | smartagri_server.app | INFO | <module>:83 | GROQ_API_KEY configured: True
2026-03-16 00:14:46 | smartagri_server.app | INFO | <module>:84 | WEATHER_API_KEY configured: True
2026-03-16 00:14:46 | smartagri_server.app | INFO | <module>:85 | ELEVEN_API_KEY configured: True
2026-03-16 00:14:46 | smartagri_server.app | INFO | <module>:86 | ============================================================
2026-03-16 00:14:46 | smartagri_server.app | INFO | <module>:924 | 
============================================================
2026-03-16 00:14:46 | smartagri_server.app | INFO | <module>:926 | ============================================================
2026-03-16 00:14:46 | smartagri_server.app | INFO | <module>:935 | ============================================================

2026-03-16 00:14:53 | smartagri.app | INFO | wrapper:135 | [20260316001453060186] /api/tts - Request received
2026-03-16 00:14:53 | smartagri_server.app | INFO | text_to_speech:459 | TTS request received
2026-03-16 00:14:55 | smartagri_server.app | INFO | text_to_speech:468 | ElevenLabs API response status: 200
2026-03-16 00:14:55 | smartagri.app | INFO | wrapper:152 | [20260316001453060186] /api/tts - Completed in 2240.9ms
2026-03-16 00:19:03 | smartagri_server.app | INFO | <module>:76 | ============================================================
2026-03-16 00:19:03 | smartagri_server.app | INFO | <module>:77 | SmartAgri Server Starting...
2026-03-16 00:19:03 | smartagri_server.app | INFO | <module>:78 | GROQ_API_KEY configured: True
2026-03-16 00:19:03 | smartagri_server.app | INFO | <module>:79 | WEATHER_API_KEY configured: True
2026-03-16 00:19:03 | smartagri_server.app | INFO | <module>:80 | ELEVEN_API_KEY configured: True
2026-03-16 00:19:03 | smartagri_server.app | INFO | <module>:81 | ============================================================
2026-03-16 00:19:03 | smartagri_server.app | INFO | <module>:919 | 
============================================================
2026-03-16 00:19:03 | smartagri_server.app | INFO | <module>:921 | ============================================================
2026-03-16 00:19:03 | smartagri_server.app | INFO | <module>:930 | ============================================================

2026-03-16 00:19:05 | smartagri_server.app | INFO | <module>:76 | ============================================================
2026-03-16 00:19:05 | smartagri_server.app | INFO | <module>:77 | SmartAgri Server Starting...
2026-03-16 00:19:05 | smartagri_server.app | INFO | <module>:78 | GROQ_API_KEY configured: True
2026-03-16 00:19:05 | smartagri_server.app | INFO | <module>:79 | WEATHER_API_KEY configured: True
2026-03-16 00:19:05 | smartagri_server.app | INFO | <module>:80 | ELEVEN_API_KEY configured: True
2026-03-16 00:19:05 | smartagri_server.app | INFO | <module>:81 | ============================================================
2026-03-16 00:19:05 | smartagri_server.app | INFO | <module>:919 | 
============================================================
2026-03-16 00:19:05 | smartagri_server.app | INFO | <module>:921 | ============================================================
2026-03-16 00:19:05 | smartagri_server.app | INFO | <module>:930 | ============================================================

2026-03-16 00:19:42 | smartagri.app | INFO | wrapper:135 | [20260316001942673834] /api/tts - Request received
2026-03-16 00:19:42 | smartagri_server.app | INFO | text_to_speech:454 | TTS request received
2026-03-16 00:19:45 | smartagri_server.app | INFO | text_to_speech:463 | ElevenLabs API response status: 200
2026-03-16 00:19:45 | smartagri.app | INFO | wrapper:152 | [20260316001942673834] /api/tts - Completed in 2367.72ms
2026-03-16 00:21:26 | smartagri_server.app | INFO | <module>:76 | ============================================================
2026-03-16 00:21:26 | smartagri_server.app | INFO | <module>:77 | SmartAgri Server Starting...
2026-03-16 00:21:26 | smartagri_server.app | INFO | <module>:78 | GROQ_API_KEY configured: True
2026-03-16 00:21:26 | smartagri_server.app | INFO | <module>:79 | WEATHER_API_KEY configured: True
2026-03-16 00:21:26 | smartagri_server.app | INFO | <module>:80 | ELEVEN_API_KEY configured: True
2026-03-16 00:21:26 | smartagri_server.app | INFO | <module>:81 | ============================================================
2026-03-16 00:21:26 | smartagri_server.app | INFO | <module>:919 | 
============================================================
2026-03-16 00:21:26 | smartagri_server.app | INFO | <module>:921 | ============================================================
2026-03-16 00:21:26 | smartagri_server.app | INFO | <module>:930 | ============================================================

2026-03-16 00:21:27 | smartagri_server.app | INFO | <module>:76 | ============================================================
2026-03-16 00:21:27 | smartagri_server.app | INFO | <module>:77 | SmartAgri Server Starting...
2026-03-16 00:21:27 | smartagri_server.app | INFO | <module>:78 | GROQ_API_KEY configured: True
2026-03-16 00:21:27 | smartagri_server.app | INFO | <module>:79 | WEATHER_API_KEY configured: True
2026-03-16 00:21:27 | smartagri_server.app | INFO | <module>:80 | ELEVEN_API_KEY configured: True
2026-03-16 00:21:27 | smartagri_server.app | INFO | <module>:81 | ============================================================
2026-03-16 00:21:27 | smartagri_server.app | INFO | <module>:919 | 
============================================================
2026-03-16 00:21:27 | smartagri_server.app | INFO | <module>:921 | ============================================================
2026-03-16 00:21:27 | smartagri_server.app | INFO | <module>:930 | ============================================================

2026-03-16 00:21:34 | smartagri.app | INFO | wrapper:135 | [20260316002134660114] /api/tts - Request received
2026-03-16 00:21:34 | smartagri_server.app | INFO | text_to_speech:454 | TTS request received
2026-03-16 00:21:36 | smartagri_server.app | INFO | text_to_speech:463 | ElevenLabs API response status: 200
2026-03-16 00:21:36 | smartagri.app | INFO | wrapper:152 | [20260316002134660114] /api/tts - Completed in 2306.65ms
2026-03-16 00:22:25 | smartagri_server.app | INFO | <module>:76 | ============================================================
2026-03-16 00:22:25 | smartagri_server.app | INFO | <module>:77 | SmartAgri Server Starting...
2026-03-16 00:22:25 | smartagri_server.app | INFO | <module>:78 | GROQ_API_KEY configured: True
2026-03-16 00:22:25 | smartagri_server.app | INFO | <module>:79 | WEATHER_API_KEY configured: True
2026-03-16 00:22:25 | smartagri_server.app | INFO | <module>:80 | ELEVEN_API_KEY configured: True
2026-03-16 00:22:25 | smartagri_server.app | INFO | <module>:81 | ============================================================
2026-03-16 00:22:25 | smartagri_server.app | INFO | <module>:919 | 
============================================================
2026-03-16 00:22:25 | smartagri_server.app | INFO | <module>:921 | ============================================================
2026-03-16 00:22:25 | smartagri_server.app | INFO | <module>:930 | ============================================================

2026-03-16 00:22:42 | smartagri.app | INFO | wrapper:135 | [20260316002242481460] /api/tts - Request received
2026-03-16 00:22:42 | smartagri_server.app | INFO | text_to_speech:454 | TTS request received
2026-03-16 00:22:44 | smartagri_server.app | INFO | text_to_speech:463 | ElevenLabs API response status: 200
2026-03-16 00:22:44 | smartagri.app | INFO | wrapper:152 | [20260316002242481460] /api/tts - Completed in 2328.82ms
2026-03-16 00:22:59 | smartagri_server.app | INFO | <module>:76 | ============================================================
2026-03-16 00:22:59 | smartagri_server.app | INFO | <module>:77 | SmartAgri Server Starting...
2026-03-16 00:22:59 | smartagri_server.app | INFO | <module>:78 | GROQ_API_KEY configured: True
2026-03-16 00:22:59 | smartagri_server.app | INFO | <module>:79 | WEATHER_API_KEY configured: True
2026-03-16 00:22:59 | smartagri_server.app | INFO | <module>:80 | ELEVEN_API_KEY configured: True
2026-03-16 00:22:59 | smartagri_server.app | INFO | <module>:81 | ============================================================
2026-03-16 00:22:59 | smartagri_server.app | INFO | <module>:919 | 
============================================================
2026-03-16 00:22:59 | smartagri_server.app | INFO | <module>:921 | ============================================================
2026-03-16 00:22:59 | smartagri_server.app | INFO | <module>:930 | ============================================================

2026-03-16 00:23:01 | smartagri_server.app | INFO | <module>:76 | ============================================================
2026-03-16 00:23:01 | smartagri_server.app | INFO | <module>:77 | SmartAgri Server Starting...
2026-03-16 00:23:01 | smartagri_server.app | INFO | <module>:78 | GROQ_API_KEY configured: True
2026-03-16 00:23:01 | smartagri_server.app | INFO | <module>:79 | WEATHER_API_KEY configured: True
2026-03-16 00:23:01 | smartagri_server.app | INFO | <module>:80 | ELEVEN_API_KEY configured: True
2026-03-16 00:23:01 | smartagri_server.app | INFO | <module>:81 | ============================================================
2026-03-16 00:23:01 | smartagri_server.app | INFO | <module>:919 | 
============================================================
2026-03-16 00:23:01 | smartagri_server.app | INFO | <module>:921 | ============================================================
2026-03-16 00:23:01 | smartagri_server.app | INFO | <module>:930 | ============================================================

2026-03-16 00:23:10 | smartagri.app | INFO | wrapper:135 | [20260316002310356128] /api/tts - Request received
2026-03-16 00:23:10 | smartagri_server.app | INFO | text_to_speech:454 | TTS request received
2026-03-16 00:23:12 | smartagri_server.app | INFO | text_to_speech:463 | ElevenLabs API response status: 200
2026-03-16 00:23:12 | smartagri.app | INFO | wrapper:152 | [20260316002310356128] /api/tts - Completed in 2365.46ms
2026-03-16 00:25:11 | smartagri_server.app | INFO | <module>:76 | ============================================================
2026-03-16 00:25:11 | smartagri_server.app | INFO | <module>:77 | SmartAgri Server Starting...
2026-03-16 00:25:11 | smartagri_server.app | INFO | <module>:78 | GROQ_API_KEY configured: True
2026-03-16 00:25:11 | smartagri_server.app | INFO | <module>:79 | WEATHER_API_KEY configured: True
2026-03-16 00:25:11 | smartagri_server.app | INFO | <module>:80 | ELEVEN_API_KEY configured: True
2026-03-16 00:25:11 | smartagri_server.app | INFO | <module>:81 | ============================================================
2026-03-16 00:25:12 | smartagri_server.app | INFO | <module>:919 | 
============================================================
2026-03-16 00:25:12 | smartagri_server.app | INFO | <module>:921 | ============================================================
2026-03-16 00:25:12 | smartagri_server.app | INFO | <module>:930 | ============================================================

2026-03-16 00:25:27 | smartagri_server.app | INFO | <module>:76 | ============================================================
2026-03-16 00:25:27 | smartagri_server.app | INFO | <module>:77 | SmartAgri Server Starting...
2026-03-16 00:25:27 | smartagri_server.app | INFO | <module>:78 | GROQ_API_KEY configured: True
2026-03-16 00:25:27 | smartagri_server.app | INFO | <module>:79 | WEATHER_API_KEY configured: True
2026-03-16 00:25:27 | smartagri_server.app | INFO | <module>:80 | ELEVEN_API_KEY configured: True
2026-03-16 00:25:27 | smartagri_server.app | INFO | <module>:81 | ============================================================
2026-03-16 00:25:27 | smartagri_server.app | INFO | <module>:919 | 
============================================================
2026-03-16 00:25:27 | smartagri_server.app | INFO | <module>:921 | ============================================================
2026-03-16 00:25:27 | smartagri_server.app | INFO | <module>:930 | ============================================================

2026-03-16 00:25:38 | smartagri_server.app | INFO | <module>:76 | ============================================================
2026-03-16 00:25:38 | smartagri_server.app | INFO | <module>:77 | SmartAgri Server Starting...
2026-03-16 00:25:38 | smartagri_server.app | INFO | <module>:78 | GROQ_API_KEY configured: True
2026-03-16 00:25:38 | smartagri_server.app | INFO | <module>:79 | WEATHER_API_KEY configured: True
2026-03-16 00:25:38 | smartagri_server.app | INFO | <module>:80 | ELEVEN_API_KEY configured: True
2026-03-16 00:25:38 | smartagri_server.app | INFO | <module>:81 | ============================================================
2026-03-16 00:25:38 | smartagri_server.app | INFO | <module>:919 | 
============================================================
2026-03-16 00:25:38 | smartagri_server.app | INFO | <module>:921 | ============================================================
2026-03-16 00:25:38 | smartagri_server.app | INFO | <module>:930 | ============================================================

2026-03-16 00:27:17 | smartagri_server.app | INFO | <module>:76 | ============================================================
2026-03-16 00:27:17 | smartagri_server.app | INFO | <module>:77 | SmartAgri Server Starting...
2026-03-16 00:27:17 | smartagri_server.app | INFO | <module>:78 | GROQ_API_KEY configured: True
2026-03-16 00:27:17 | smartagri_server.app | INFO | <module>:79 | WEATHER_API_KEY configured: True
2026-03-16 00:27:17 | smartagri_server.app | INFO | <module>:80 | ELEVEN_API_KEY configured: True
2026-03-16 00:27:17 | smartagri_server.app | INFO | <module>:81 | ============================================================
2026-03-16 00:27:17 | smartagri_server.app | INFO | <module>:919 | 
============================================================
2026-03-16 00:27:17 | smartagri_server.app | INFO | <module>:921 | ============================================================
2026-03-16 00:27:17 | smartagri_server.app | INFO | <module>:930 | ============================================================

2026-03-16 00:28:08 | smartagri_server.app | INFO | <module>:76 | ============================================================
2026-03-16 00:28:08 | smartagri_server.app | INFO | <module>:77 | SmartAgri Server Starting...
2026-03-16 00:28:08 | smartagri_server.app | INFO | <module>:78 | GROQ_API_KEY configured: True
2026-03-16 00:28:08 | smartagri_server.app | INFO | <module>:79 | WEATHER_API_KEY configured: True
2026-03-16 00:28:08 | smartagri_server.app | INFO | <module>:80 | ELEVEN_API_KEY configured: True
2026-03-16 00:28:08 | smartagri_server.app | INFO | <module>:81 | ============================================================
2026-03-16 00:28:08 | smartagri_server.app | INFO | <module>:919 | 
============================================================
2026-03-16 00:28:08 | smartagri_server.app | INFO | <module>:921 | ============================================================
2026-03-16 00:28:08 | smartagri_server.app | INFO | <module>:930 | ============================================================

2026-03-16 00:29:22 | smartagri_server.app | INFO | <module>:76 | ============================================================
2026-03-16 00:29:22 | smartagri_server.app | INFO | <module>:77 | SmartAgri Server Starting...
2026-03-16 00:29:22 | smartagri_server.app | INFO | <module>:78 | GROQ_API_KEY configured: True
2026-03-16 00:29:22 | smartagri_server.app | INFO | <module>:79 | WEATHER_API_KEY configured: True
2026-03-16 00:29:22 | smartagri_server.app | INFO | <module>:80 | ELEVEN_API_KEY configured: True
2026-03-16 00:29:22 | smartagri_server.app | INFO | <module>:81 | ============================================================
2026-03-16 00:29:22 | smartagri_server.app | INFO | <module>:916 | 
============================================================
2026-03-16 00:29:22 | smartagri_server.app | INFO | <module>:918 | ============================================================
2026-03-16 00:29:22 | smartagri_server.app | INFO | <module>:927 | ============================================================

2026-03-16 00:29:23 | smartagri_server.app | INFO | <module>:76 | ============================================================
2026-03-16 00:29:23 | smartagri_server.app | INFO | <module>:77 | SmartAgri Server Starting...
2026-03-16 00:29:23 | smartagri_server.app | INFO | <module>:78 | GROQ_API_KEY configured: True
2026-03-16 00:29:23 | smartagri_server.app | INFO | <module>:79 | WEATHER_API_KEY configured: True
2026-03-16 00:29:23 | smartagri_server.app | INFO | <module>:80 | ELEVEN_API_KEY configured: True
2026-03-16 00:29:23 | smartagri_server.app | INFO | <module>:81 | ============================================================
2026-03-16 00:29:23 | smartagri_server.app | INFO | <module>:916 | 
============================================================
2026-03-16 00:29:23 | smartagri_server.app | INFO | <module>:918 | ============================================================
2026-03-16 00:29:23 | smartagri_server.app | INFO | <module>:927 | ============================================================

2026-03-16 00:29:29 | smartagri.app | INFO | wrapper:135 | [20260316002929975293] /api/tts - Request received
2026-03-16 00:29:29 | smartagri_server.app | INFO | text_to_speech:454 | TTS request received
2026-03-16 00:29:33 | smartagri_server.app | INFO | text_to_speech:463 | ElevenLabs API response status: 200
2026-03-16 00:29:33 | smartagri.app | INFO | wrapper:152 | [20260316002929975293] /api/tts - Completed in 3591.21ms
2026-03-16 00:31:42 | smartagri.app | INFO | wrapper:135 | [20260316003142276781] /api/chat - Request received
2026-03-16 00:31:42 | smartagri_server.app | INFO | chat:355 | Chat request: hi... (lang: bn)
2026-03-16 00:31:42 | smartagri.app | INFO | wrapper:152 | [20260316003142276781] /api/chat - Completed in 1.11ms
2026-03-16 00:31:45 | smartagri.app | INFO | wrapper:135 | [20260316003145155382] /api/tts - Request received
2026-03-16 00:31:45 | smartagri_server.app | INFO | text_to_speech:454 | TTS request received
2026-03-16 00:31:47 | smartagri_server.app | INFO | text_to_speech:463 | ElevenLabs API response status: 200
2026-03-16 00:31:47 | smartagri.app | INFO | wrapper:152 | [20260316003145155382] /api/tts - Completed in 2457.74ms
2026-03-16 00:39:37 | smartagri_server.app | INFO | <module>:76 | ============================================================
2026-03-16 00:39:37 | smartagri_server.app | INFO | <module>:77 | SmartAgri Server Starting...
2026-03-16 00:39:37 | smartagri_server.app | INFO | <module>:78 | GROQ_API_KEY configured: True
2026-03-16 00:39:37 | smartagri_server.app | INFO | <module>:79 | WEATHER_API_KEY configured: True
2026-03-16 00:39:37 | smartagri_server.app | INFO | <module>:80 | ELEVEN_API_KEY configured: True
2026-03-16 00:39:37 | smartagri_server.app | INFO | <module>:81 | ============================================================
2026-03-16 00:39:37 | smartagri_server.app | INFO | <module>:967 | 
============================================================
2026-03-16 00:39:37 | smartagri_server.app | INFO | <module>:969 | ============================================================
2026-03-16 00:39:37 | smartagri_server.app | INFO | <module>:978 | ============================================================

2026-03-16 00:42:40 | smartagri_server.app | INFO | <module>:76 | ============================================================
2026-03-16 00:42:40 | smartagri_server.app | INFO | <module>:77 | SmartAgri Server Starting...
2026-03-16 00:42:40 | smartagri_server.app | INFO | <module>:78 | GROQ_API_KEY configured: True
2026-03-16 00:42:40 | smartagri_server.app | INFO | <module>:79 | WEATHER_API_KEY configured: True
2026-03-16 00:42:40 | smartagri_server.app | INFO | <module>:80 | ELEVEN_API_KEY configured: True
2026-03-16 00:42:40 | smartagri_server.app | INFO | <module>:81 | ============================================================
2026-03-16 00:42:40 | smartagri_server.app | INFO | <module>:967 | 
============================================================
2026-03-16 00:42:40 | smartagri_server.app | INFO | <module>:969 | ============================================================
2026-03-16 00:42:40 | smartagri_server.app | INFO | <module>:978 | ============================================================

2026-03-16 00:43:11 | smartagri.app | INFO | wrapper:135 | [20260316004311588154] /api/tts - Request received
2026-03-16 00:43:11 | smartagri_server.app | INFO | text_to_speech:454 | TTS request received | lang: bn
2026-03-16 00:43:12 | smartagri_server.app | INFO | text_to_speech:495 | Sarvam API response status: 400
2026-03-16 00:43:12 | smartagri_server.app | ERROR | text_to_speech:498 | Sarvam API error: 400 - {"error":{"message":"Validation Error(s):\n- model: Input should be 'bulbul:v2', 'bulbul:v3-beta' or 'bulbul:v3'","code":"invalid_request_error","request_id":"20260315_2e04004a-fedc-4674-b75c-3744fd42
2026-03-16 00:43:12 | smartagri.app | INFO | wrapper:152 | [20260316004311588154] /api/tts - Completed in 685.42ms
2026-03-16 00:45:33 | smartagri_server.app | INFO | <module>:76 | ============================================================
2026-03-16 00:45:33 | smartagri_server.app | INFO | <module>:77 | SmartAgri Server Starting...
2026-03-16 00:45:33 | smartagri_server.app | INFO | <module>:78 | GROQ_API_KEY configured: True
2026-03-16 00:45:33 | smartagri_server.app | INFO | <module>:79 | WEATHER_API_KEY configured: True
2026-03-16 00:45:33 | smartagri_server.app | INFO | <module>:80 | ELEVEN_API_KEY configured: True
2026-03-16 00:45:33 | smartagri_server.app | INFO | <module>:81 | ============================================================
2026-03-16 00:45:33 | smartagri_server.app | INFO | <module>:967 | 
============================================================
2026-03-16 00:45:33 | smartagri_server.app | INFO | <module>:969 | ============================================================
2026-03-16 00:45:33 | smartagri_server.app | INFO | <module>:978 | ============================================================

2026-03-16 00:45:35 | smartagri_server.app | INFO | <module>:76 | ============================================================
2026-03-16 00:45:35 | smartagri_server.app | INFO | <module>:77 | SmartAgri Server Starting...
2026-03-16 00:45:35 | smartagri_server.app | INFO | <module>:78 | GROQ_API_KEY configured: True
2026-03-16 00:45:35 | smartagri_server.app | INFO | <module>:79 | WEATHER_API_KEY configured: True
2026-03-16 00:45:35 | smartagri_server.app | INFO | <module>:80 | ELEVEN_API_KEY configured: True
2026-03-16 00:45:35 | smartagri_server.app | INFO | <module>:81 | ============================================================
2026-03-16 00:45:35 | smartagri_server.app | INFO | <module>:967 | 
============================================================
2026-03-16 00:45:35 | smartagri_server.app | INFO | <module>:969 | ============================================================
2026-03-16 00:45:35 | smartagri_server.app | INFO | <module>:978 | ============================================================

2026-03-16 00:45:44 | smartagri.app | INFO | wrapper:135 | [20260316004544387924] /api/tts - Request received
2026-03-16 00:45:44 | smartagri_server.app | INFO | text_to_speech:454 | TTS request received | lang: bn
2026-03-16 00:45:45 | smartagri_server.app | INFO | text_to_speech:495 | Sarvam API response status: 400
2026-03-16 00:45:45 | smartagri_server.app | ERROR | text_to_speech:498 | Sarvam API error: 400 - {"error":{"message":"Validation Error(s):\n- model: Input should be 'bulbul:v2', 'bulbul:v3-beta' or 'bulbul:v3'","code":"invalid_request_error","request_id":"20260315_f8a00dd1-8f33-406c-94b3-6090bb68
2026-03-16 00:45:45 | smartagri.app | INFO | wrapper:152 | [20260316004544387924] /api/tts - Completed in 917.56ms
2026-03-16 00:48:54 | smartagri_server.app | INFO | <module>:76 | ============================================================
2026-03-16 00:48:54 | smartagri_server.app | INFO | <module>:77 | SmartAgri Server Starting...
2026-03-16 00:48:54 | smartagri_server.app | INFO | <module>:78 | GROQ_API_KEY configured: True
2026-03-16 00:48:54 | smartagri_server.app | INFO | <module>:79 | WEATHER_API_KEY configured: True
2026-03-16 00:48:54 | smartagri_server.app | INFO | <module>:80 | ELEVEN_API_KEY configured: True
2026-03-16 00:48:54 | smartagri_server.app | INFO | <module>:81 | ============================================================
2026-03-16 00:48:54 | smartagri_server.app | INFO | <module>:967 | 
============================================================
2026-03-16 00:48:54 | smartagri_server.app | INFO | <module>:969 | ============================================================
2026-03-16 00:48:54 | smartagri_server.app | INFO | <module>:978 | ============================================================

2026-03-16 00:48:55 | smartagri_server.app | INFO | <module>:76 | ============================================================
2026-03-16 00:48:55 | smartagri_server.app | INFO | <module>:77 | SmartAgri Server Starting...
2026-03-16 00:48:55 | smartagri_server.app | INFO | <module>:78 | GROQ_API_KEY configured: True
2026-03-16 00:48:55 | smartagri_server.app | INFO | <module>:79 | WEATHER_API_KEY configured: True
2026-03-16 00:48:55 | smartagri_server.app | INFO | <module>:80 | ELEVEN_API_KEY configured: True
2026-03-16 00:48:55 | smartagri_server.app | INFO | <module>:81 | ============================================================
2026-03-16 00:48:55 | smartagri_server.app | INFO | <module>:967 | 
============================================================
2026-03-16 00:48:55 | smartagri_server.app | INFO | <module>:969 | ============================================================
2026-03-16 00:48:55 | smartagri_server.app | INFO | <module>:978 | ============================================================

2026-03-16 00:49:10 | smartagri.app | INFO | wrapper:135 | [20260316004910352754] /api/tts - Request received
2026-03-16 00:49:10 | smartagri_server.app | INFO | text_to_speech:454 | TTS request received | lang: bn
2026-03-16 00:49:12 | smartagri_server.app | INFO | text_to_speech:495 | Sarvam API response status: 200
2026-03-16 00:49:12 | smartagri.app | INFO | wrapper:152 | [20260316004910352754] /api/tts - Completed in 1760.66ms
2026-03-16 00:49:28 | smartagri.app | INFO | wrapper:135 | [20260316004928290038] /api/tts - Request received
2026-03-16 00:49:28 | smartagri_server.app | INFO | text_to_speech:454 | TTS request received | lang: bn
2026-03-16 00:49:30 | smartagri_server.app | INFO | text_to_speech:495 | Sarvam API response status: 200
2026-03-16 00:49:30 | smartagri.app | INFO | wrapper:152 | [20260316004928290038] /api/tts - Completed in 2041.79ms
2026-03-16 00:49:52 | smartagri.app | INFO | wrapper:135 | [20260316004952865528] /api/chat - Request received
2026-03-16 00:49:52 | smartagri_server.app | INFO | chat:355 | Chat request: hi... (lang: hi)
2026-03-16 00:49:52 | smartagri.app | INFO | wrapper:152 | [20260316004952865528] /api/chat - Completed in 1.78ms
2026-03-16 00:49:54 | smartagri.app | INFO | wrapper:135 | [20260316004954602048] /api/tts - Request received
2026-03-16 00:49:54 | smartagri_server.app | INFO | text_to_speech:454 | TTS request received | lang: hi
2026-03-16 00:49:56 | smartagri_server.app | INFO | text_to_speech:495 | Sarvam API response status: 200
2026-03-16 00:49:56 | smartagri.app | INFO | wrapper:152 | [20260316004954602048] /api/tts - Completed in 1735.48ms
2026-03-16 00:55:11 | smartagri.app | INFO | wrapper:135 | [20260316005511220417] /api/chat - Request received
2026-03-16 00:55:11 | smartagri_server.app | INFO | chat:355 | Chat request: hi... (lang: hi)
2026-03-16 00:55:11 | smartagri.app | INFO | wrapper:152 | [20260316005511220417] /api/chat - Completed in 1.0ms
2026-03-16 00:56:13 | smartagri_server.app | INFO | <module>:76 | ============================================================
2026-03-16 00:56:13 | smartagri_server.app | INFO | <module>:77 | SmartAgri Server Starting...
2026-03-16 00:56:13 | smartagri_server.app | INFO | <module>:78 | GROQ_API_KEY configured: True
2026-03-16 00:56:13 | smartagri_server.app | INFO | <module>:79 | WEATHER_API_KEY configured: True
2026-03-16 00:56:13 | smartagri_server.app | INFO | <module>:80 | ELEVEN_API_KEY configured: True
2026-03-16 00:56:13 | smartagri_server.app | INFO | <module>:81 | ============================================================
2026-03-16 00:56:14 | smartagri_server.app | INFO | <module>:967 | 
============================================================
2026-03-16 00:56:14 | smartagri_server.app | INFO | <module>:969 | ============================================================
2026-03-16 00:56:14 | smartagri_server.app | INFO | <module>:978 | ============================================================

2026-03-16 00:57:28 | smartagri_server.app | INFO | <module>:76 | ============================================================
2026-03-16 00:57:28 | smartagri_server.app | INFO | <module>:77 | SmartAgri Server Starting...
2026-03-16 00:57:28 | smartagri_server.app | INFO | <module>:78 | GROQ_API_KEY configured: True
2026-03-16 00:57:28 | smartagri_server.app | INFO | <module>:79 | WEATHER_API_KEY configured: True
2026-03-16 00:57:28 | smartagri_server.app | INFO | <module>:80 | ELEVEN_API_KEY configured: True
2026-03-16 00:57:28 | smartagri_server.app | INFO | <module>:81 | ============================================================
2026-03-16 00:57:28 | smartagri_server.app | INFO | <module>:967 | 
============================================================
2026-03-16 00:57:28 | smartagri_server.app | INFO | <module>:969 | ============================================================
2026-03-16 00:57:28 | smartagri_server.app | INFO | <module>:978 | ============================================================

2026-03-16 00:57:49 | smartagri.app | INFO | wrapper:135 | [20260316005749495078] /api/chat - Request received
2026-03-16 00:57:49 | smartagri_server.app | INFO | chat:355 | Chat request: hi... (lang: hi)
2026-03-16 00:57:49 | smartagri.app | INFO | wrapper:152 | [20260316005749495078] /api/chat - Completed in 1.01ms
2026-03-16 01:00:06 | smartagri.app | INFO | wrapper:135 | [20260316010006050955] /api/chat - Request received
2026-03-16 01:00:06 | smartagri_server.app | INFO | chat:355 | Chat request: hi... (lang: hi)
2026-03-16 01:00:06 | smartagri.app | INFO | wrapper:152 | [20260316010006050955] /api/chat - Completed in 0.4ms
2026-03-16 01:00:23 | smartagri.app | INFO | wrapper:135 | [20260316010023193826] /api/chat - Request received
2026-03-16 01:00:23 | smartagri_server.app | INFO | chat:355 | Chat request: hi... (lang: hi)
2026-03-16 01:00:23 | smartagri.app | INFO | wrapper:152 | [20260316010023193826] /api/chat - Completed in 0.34ms
2026-03-16 01:01:59 | smartagri.app | INFO | wrapper:135 | [20260316010159124829] /api/chat - Request received
2026-03-16 01:01:59 | smartagri_server.app | INFO | chat:355 | Chat request: hi... (lang: hi)
2026-03-16 01:01:59 | smartagri.app | INFO | wrapper:152 | [20260316010159124829] /api/chat - Completed in 0.0ms
2026-03-16 01:07:11 | smartagri_server.app | INFO | <module>:76 | ============================================================
2026-03-16 01:07:11 | smartagri_server.app | INFO | <module>:77 | SmartAgri Server Starting...
2026-03-16 01:07:11 | smartagri_server.app | INFO | <module>:78 | GROQ_API_KEY configured: True
2026-03-16 01:07:11 | smartagri_server.app | INFO | <module>:79 | WEATHER_API_KEY configured: True
2026-03-16 01:07:11 | smartagri_server.app | INFO | <module>:80 | ELEVEN_API_KEY configured: True
2026-03-16 01:07:11 | smartagri_server.app | INFO | <module>:81 | ============================================================
2026-03-16 01:07:12 | smartagri_server.app | INFO | <module>:967 | 
============================================================
2026-03-16 01:07:12 | smartagri_server.app | INFO | <module>:969 | ============================================================
2026-03-16 01:07:12 | smartagri_server.app | INFO | <module>:978 | ============================================================

2026-03-16 01:09:28 | smartagri_server.app | INFO | <module>:76 | ============================================================
2026-03-16 01:09:28 | smartagri_server.app | INFO | <module>:77 | SmartAgri Server Starting...
2026-03-16 01:09:28 | smartagri_server.app | INFO | <module>:78 | GROQ_API_KEY configured: True
2026-03-16 01:09:28 | smartagri_server.app | INFO | <module>:79 | WEATHER_API_KEY configured: True
2026-03-16 01:09:28 | smartagri_server.app | INFO | <module>:80 | ELEVEN_API_KEY configured: True
2026-03-16 01:09:28 | smartagri_server.app | INFO | <module>:81 | ============================================================
2026-03-16 01:09:28 | smartagri_server.app | INFO | <module>:967 | 
============================================================
2026-03-16 01:09:28 | smartagri_server.app | INFO | <module>:969 | ============================================================
2026-03-16 01:09:28 | smartagri_server.app | INFO | <module>:978 | ============================================================

2026-03-16 01:09:29 | smartagri_server.app | INFO | <module>:76 | ============================================================
2026-03-16 01:09:29 | smartagri_server.app | INFO | <module>:77 | SmartAgri Server Starting...
2026-03-16 01:09:29 | smartagri_server.app | INFO | <module>:78 | GROQ_API_KEY configured: True
2026-03-16 01:09:29 | smartagri_server.app | INFO | <module>:79 | WEATHER_API_KEY configured: True
2026-03-16 01:09:29 | smartagri_server.app | INFO | <module>:80 | ELEVEN_API_KEY configured: True
2026-03-16 01:09:29 | smartagri_server.app | INFO | <module>:81 | ============================================================
2026-03-16 01:09:29 | smartagri_server.app | INFO | <module>:967 | 
============================================================
2026-03-16 01:09:29 | smartagri_server.app | INFO | <module>:969 | ============================================================
2026-03-16 01:09:29 | smartagri_server.app | INFO | <module>:978 | ============================================================

2026-03-16 01:09:40 | smartagri.app | INFO | wrapper:135 | [20260316010940845288] /api/analyze_plant - Request received
2026-03-16 01:09:40 | smartagri_server.app | INFO | analyze_plant:592 | Analyzing plant image: download.jpg
2026-03-16 01:09:42 | smartagri_server.app | INFO | analyze_plant:610 | Kindwise API response status: 201
2026-03-16 01:09:42 | smartagri_server.app | INFO | analyze_plant:629 | Kindwise API call successful
2026-03-16 01:09:42 | smartagri.app | INFO | wrapper:152 | [20260316010940845288] /api/analyze_plant - Completed in 1829.04ms
2026-03-16 01:11:33 | smartagri.app | INFO | wrapper:135 | [20260316011133755418] /api/analyze_plant - Request received
2026-03-16 01:11:33 | smartagri.app | INFO | wrapper:152 | [20260316011133755418] /api/analyze_plant - Completed in 1.94ms
2026-03-16 01:11:56 | smartagri.app | INFO | wrapper:135 | [20260316011156011021] /api/analyze_plant - Request received
2026-03-16 01:11:56 | smartagri.app | INFO | wrapper:152 | [20260316011156011021] /api/analyze_plant - Completed in 2.43ms
2026-03-16 01:12:59 | smartagri.app | INFO | wrapper:135 | [20260316011259582415] /api/analyze_plant - Request received
2026-03-16 01:12:59 | smartagri_server.app | INFO | analyze_plant:592 | Analyzing plant image: download.jpg
2026-03-16 01:13:01 | smartagri_server.app | INFO | analyze_plant:610 | Kindwise API response status: 201
2026-03-16 01:13:01 | smartagri_server.app | INFO | analyze_plant:629 | Kindwise API call successful
2026-03-16 01:13:01 | smartagri.app | INFO | wrapper:152 | [20260316011259582415] /api/analyze_plant - Completed in 1671.18ms
2026-03-16 01:13:38 | smartagri_server.app | INFO | <module>:76 | ============================================================
2026-03-16 01:13:38 | smartagri_server.app | INFO | <module>:77 | SmartAgri Server Starting...
2026-03-16 01:13:38 | smartagri_server.app | INFO | <module>:78 | GROQ_API_KEY configured: True
2026-03-16 01:13:38 | smartagri_server.app | INFO | <module>:79 | WEATHER_API_KEY configured: True
2026-03-16 01:13:38 | smartagri_server.app | INFO | <module>:80 | ELEVEN_API_KEY configured: True
2026-03-16 01:13:38 | smartagri_server.app | INFO | <module>:81 | ============================================================
2026-03-16 01:13:38 | smartagri_server.app | INFO | <module>:967 | 
============================================================
2026-03-16 01:13:38 | smartagri_server.app | INFO | <module>:969 | ============================================================
2026-03-16 01:13:38 | smartagri_server.app | INFO | <module>:978 | ============================================================

2026-03-16 01:14:07 | smartagri_server.app | INFO | <module>:76 | ============================================================
2026-03-16 01:14:07 | smartagri_server.app | INFO | <module>:77 | SmartAgri Server Starting...
2026-03-16 01:14:07 | smartagri_server.app | INFO | <module>:78 | GROQ_API_KEY configured: True
2026-03-16 01:14:07 | smartagri_server.app | INFO | <module>:79 | WEATHER_API_KEY configured: True
2026-03-16 01:14:07 | smartagri_server.app | INFO | <module>:80 | ELEVEN_API_KEY configured: True
2026-03-16 01:14:07 | smartagri_server.app | INFO | <module>:81 | ============================================================
2026-03-16 01:14:07 | smartagri_server.app | INFO | <module>:967 | 
============================================================
2026-03-16 01:14:07 | smartagri_server.app | INFO | <module>:969 | ============================================================
2026-03-16 01:14:07 | smartagri_server.app | INFO | <module>:978 | ============================================================

2026-03-16 01:14:19 | smartagri_server.app | INFO | <module>:76 | ============================================================
2026-03-16 01:14:19 | smartagri_server.app | INFO | <module>:77 | SmartAgri Server Starting...
2026-03-16 01:14:19 | smartagri_server.app | INFO | <module>:78 | GROQ_API_KEY configured: True
2026-03-16 01:14:19 | smartagri_server.app | INFO | <module>:79 | WEATHER_API_KEY configured: True
2026-03-16 01:14:19 | smartagri_server.app | INFO | <module>:80 | ELEVEN_API_KEY configured: True
2026-03-16 01:14:19 | smartagri_server.app | INFO | <module>:81 | ============================================================
2026-03-16 01:14:20 | smartagri_server.app | INFO | <module>:976 | 
============================================================
2026-03-16 01:14:20 | smartagri_server.app | INFO | <module>:978 | ============================================================
2026-03-16 01:14:20 | smartagri_server.app | INFO | <module>:987 | ============================================================

2026-03-16 01:14:43 | smartagri_server.app | INFO | <module>:76 | ============================================================
2026-03-16 01:14:43 | smartagri_server.app | INFO | <module>:77 | SmartAgri Server Starting...
2026-03-16 01:14:43 | smartagri_server.app | INFO | <module>:78 | GROQ_API_KEY configured: True
2026-03-16 01:14:43 | smartagri_server.app | INFO | <module>:79 | WEATHER_API_KEY configured: True
2026-03-16 01:14:43 | smartagri_server.app | INFO | <module>:80 | ELEVEN_API_KEY configured: True
2026-03-16 01:14:43 | smartagri_server.app | INFO | <module>:81 | ============================================================
2026-03-16 01:14:43 | smartagri_server.app | INFO | <module>:976 | 
============================================================
2026-03-16 01:14:43 | smartagri_server.app | INFO | <module>:978 | ============================================================
2026-03-16 01:14:43 | smartagri_server.app | INFO | <module>:987 | ============================================================

2026-03-16 01:14:50 | smartagri_server.app | INFO | <module>:76 | ============================================================
2026-03-16 01:14:50 | smartagri_server.app | INFO | <module>:77 | SmartAgri Server Starting...
2026-03-16 01:14:50 | smartagri_server.app | INFO | <module>:78 | GROQ_API_KEY configured: True
2026-03-16 01:14:50 | smartagri_server.app | INFO | <module>:79 | WEATHER_API_KEY configured: True
2026-03-16 01:14:50 | smartagri_server.app | INFO | <module>:80 | ELEVEN_API_KEY configured: True
2026-03-16 01:14:50 | smartagri_server.app | INFO | <module>:81 | ============================================================
2026-03-16 01:14:50 | smartagri_server.app | INFO | <module>:976 | 
============================================================
2026-03-16 01:14:50 | smartagri_server.app | INFO | <module>:978 | ============================================================
2026-03-16 01:14:50 | smartagri_server.app | INFO | <module>:987 | ============================================================

2026-03-16 01:14:56 | smartagri_server.app | INFO | <module>:76 | ============================================================
2026-03-16 01:14:56 | smartagri_server.app | INFO | <module>:77 | SmartAgri Server Starting...
2026-03-16 01:14:56 | smartagri_server.app | INFO | <module>:78 | GROQ_API_KEY configured: True
2026-03-16 01:14:56 | smartagri_server.app | INFO | <module>:79 | WEATHER_API_KEY configured: True
2026-03-16 01:14:56 | smartagri_server.app | INFO | <module>:80 | ELEVEN_API_KEY configured: True
2026-03-16 01:14:56 | smartagri_server.app | INFO | <module>:81 | ============================================================
2026-03-16 01:14:56 | smartagri_server.app | INFO | <module>:976 | 
============================================================
2026-03-16 01:14:56 | smartagri_server.app | INFO | <module>:978 | ============================================================
2026-03-16 01:14:56 | smartagri_server.app | INFO | <module>:987 | ============================================================

2026-03-16 01:15:06 | smartagri.app | INFO | wrapper:135 | [20260316011506710023] /api/analyze_plant - Request received
2026-03-16 01:15:06 | smartagri_server.app | INFO | analyze_plant:592 | Analyzing plant image: download.jpg
2026-03-16 01:15:07 | smartagri_server.app | INFO | analyze_plant:619 | Kindwise API response status: 400
2026-03-16 01:15:07 | smartagri_server.app | ERROR | analyze_plant:629 | Kindwise API error: 400 - Unknown modifier: classification_level=`all`. Available modifiers: [similar_images=true]
2026-03-16 01:15:07 | smartagri.app | INFO | wrapper:152 | [20260316011506710023] /api/analyze_plant - Completed in 1159.83ms
2026-03-16 01:15:58 | smartagri_server.app | INFO | <module>:76 | ============================================================
2026-03-16 01:15:58 | smartagri_server.app | INFO | <module>:77 | SmartAgri Server Starting...
2026-03-16 01:15:58 | smartagri_server.app | INFO | <module>:78 | GROQ_API_KEY configured: True
2026-03-16 01:15:58 | smartagri_server.app | INFO | <module>:79 | WEATHER_API_KEY configured: True
2026-03-16 01:15:58 | smartagri_server.app | INFO | <module>:80 | ELEVEN_API_KEY configured: True
2026-03-16 01:15:58 | smartagri_server.app | INFO | <module>:81 | ============================================================
2026-03-16 01:15:58 | smartagri_server.app | INFO | <module>:976 | 
============================================================
2026-03-16 01:15:58 | smartagri_server.app | INFO | <module>:978 | ============================================================
2026-03-16 01:15:58 | smartagri_server.app | INFO | <module>:987 | ============================================================

2026-03-16 01:16:01 | smartagri_server.app | INFO | <module>:76 | ============================================================
2026-03-16 01:16:01 | smartagri_server.app | INFO | <module>:77 | SmartAgri Server Starting...
2026-03-16 01:16:01 | smartagri_server.app | INFO | <module>:78 | GROQ_API_KEY configured: True
2026-03-16 01:16:01 | smartagri_server.app | INFO | <module>:79 | WEATHER_API_KEY configured: True
2026-03-16 01:16:01 | smartagri_server.app | INFO | <module>:80 | ELEVEN_API_KEY configured: True
2026-03-16 01:16:01 | smartagri_server.app | INFO | <module>:81 | ============================================================
2026-03-16 01:16:01 | smartagri_server.app | INFO | <module>:976 | 
============================================================
2026-03-16 01:16:01 | smartagri_server.app | INFO | <module>:978 | ============================================================
2026-03-16 01:16:01 | smartagri_server.app | INFO | <module>:987 | ============================================================

2026-03-16 01:16:22 | smartagri_server.app | INFO | <module>:76 | ============================================================
2026-03-16 01:16:22 | smartagri_server.app | INFO | <module>:77 | SmartAgri Server Starting...
2026-03-16 01:16:22 | smartagri_server.app | INFO | <module>:78 | GROQ_API_KEY configured: True
2026-03-16 01:16:22 | smartagri_server.app | INFO | <module>:79 | WEATHER_API_KEY configured: True
2026-03-16 01:16:22 | smartagri_server.app | INFO | <module>:80 | ELEVEN_API_KEY configured: True
2026-03-16 01:16:22 | smartagri_server.app | INFO | <module>:81 | ============================================================
2026-03-16 01:16:22 | smartagri_server.app | INFO | <module>:977 | 
============================================================
2026-03-16 01:16:22 | smartagri_server.app | INFO | <module>:979 | ============================================================
2026-03-16 01:16:22 | smartagri_server.app | INFO | <module>:988 | ============================================================

2026-03-16 01:16:25 | smartagri.app | INFO | wrapper:135 | [20260316011625427455] /api/analyze_plant - Request received
2026-03-16 01:16:25 | smartagri_server.app | INFO | analyze_plant:592 | Analyzing plant image: download.jpg
2026-03-16 01:16:26 | smartagri_server.app | INFO | analyze_plant:619 | Kindwise API response status: 400
2026-03-16 01:16:26 | smartagri_server.app | ERROR | analyze_plant:629 | Kindwise API error: 400 - Unknown modifier: classification_level=`all`. Available modifiers: [similar_images=true]
2026-03-16 01:16:26 | smartagri.app | INFO | wrapper:152 | [20260316011625427455] /api/analyze_plant - Completed in 1022.0ms
2026-03-16 01:17:19 | smartagri.app | INFO | wrapper:135 | [20260316011719374644] /api/analyze_plant - Request received
2026-03-16 01:17:19 | smartagri_server.app | INFO | analyze_plant:592 | Analyzing plant image: testleaf.png
2026-03-16 01:17:21 | smartagri_server.app | INFO | analyze_plant:619 | Kindwise API response status: 400
2026-03-16 01:17:21 | smartagri_server.app | ERROR | analyze_plant:629 | Kindwise API error: 400 - Unknown modifier: classification_level=`all`. Available modifiers: [similar_images=true]
2026-03-16 01:17:21 | smartagri.app | INFO | wrapper:152 | [20260316011719374644] /api/analyze_plant - Completed in 1844.73ms
2026-03-16 01:18:01 | smartagri_server.app | INFO | <module>:76 | ============================================================
2026-03-16 01:18:01 | smartagri_server.app | INFO | <module>:77 | SmartAgri Server Starting...
2026-03-16 01:18:01 | smartagri_server.app | INFO | <module>:78 | GROQ_API_KEY configured: True
2026-03-16 01:18:01 | smartagri_server.app | INFO | <module>:79 | WEATHER_API_KEY configured: True
2026-03-16 01:18:01 | smartagri_server.app | INFO | <module>:80 | ELEVEN_API_KEY configured: True
2026-03-16 01:18:01 | smartagri_server.app | INFO | <module>:81 | ============================================================
2026-03-16 01:18:02 | smartagri_server.app | INFO | <module>:977 | 
============================================================
2026-03-16 01:18:02 | smartagri_server.app | INFO | <module>:979 | ============================================================
2026-03-16 01:18:02 | smartagri_server.app | INFO | <module>:988 | ============================================================

2026-03-16 01:18:40 | smartagri_server.app | INFO | <module>:76 | ============================================================
2026-03-16 01:18:40 | smartagri_server.app | INFO | <module>:77 | SmartAgri Server Starting...
2026-03-16 01:18:40 | smartagri_server.app | INFO | <module>:78 | GROQ_API_KEY configured: True
2026-03-16 01:18:40 | smartagri_server.app | INFO | <module>:79 | WEATHER_API_KEY configured: True
2026-03-16 01:18:40 | smartagri_server.app | INFO | <module>:80 | ELEVEN_API_KEY configured: True
2026-03-16 01:18:40 | smartagri_server.app | INFO | <module>:81 | ============================================================
2026-03-16 01:18:40 | smartagri_server.app | INFO | <module>:976 | 
============================================================
2026-03-16 01:18:40 | smartagri_server.app | INFO | <module>:978 | ============================================================
2026-03-16 01:18:40 | smartagri_server.app | INFO | <module>:987 | ============================================================

2026-03-16 01:18:49 | smartagri.app | INFO | wrapper:135 | [20260316011849439636] /api/analyze_plant - Request received
2026-03-16 01:18:49 | smartagri_server.app | INFO | analyze_plant:592 | Analyzing plant image: testleaf.png
2026-03-16 01:18:51 | smartagri_server.app | INFO | analyze_plant:618 | Kindwise API response status: 400
2026-03-16 01:18:51 | smartagri_server.app | ERROR | analyze_plant:628 | Kindwise API error: 400 - Unknown modifier: details=[`common_names`, `description`, `taxonomy`, `url`, `treatment`, `cause`]. Available modifiers: [similar_images=true]
2026-03-16 01:18:51 | smartagri.app | INFO | wrapper:152 | [20260316011849439636] /api/analyze_plant - Completed in 2035.55ms
2026-03-16 01:19:38 | smartagri_server.app | INFO | <module>:76 | ============================================================
2026-03-16 01:19:38 | smartagri_server.app | INFO | <module>:77 | SmartAgri Server Starting...
2026-03-16 01:19:38 | smartagri_server.app | INFO | <module>:78 | GROQ_API_KEY configured: True
2026-03-16 01:19:38 | smartagri_server.app | INFO | <module>:79 | WEATHER_API_KEY configured: True
2026-03-16 01:19:38 | smartagri_server.app | INFO | <module>:80 | ELEVEN_API_KEY configured: True
2026-03-16 01:19:38 | smartagri_server.app | INFO | <module>:81 | ============================================================
2026-03-16 01:19:38 | smartagri_server.app | INFO | <module>:968 | 
============================================================
2026-03-16 01:19:38 | smartagri_server.app | INFO | <module>:970 | ============================================================
2026-03-16 01:19:38 | smartagri_server.app | INFO | <module>:979 | ============================================================

2026-03-16 01:20:29 | smartagri_server.app | INFO | <module>:76 | ============================================================
2026-03-16 01:20:29 | smartagri_server.app | INFO | <module>:77 | SmartAgri Server Starting...
2026-03-16 01:20:29 | smartagri_server.app | INFO | <module>:78 | GROQ_API_KEY configured: True
2026-03-16 01:20:29 | smartagri_server.app | INFO | <module>:79 | WEATHER_API_KEY configured: True
2026-03-16 01:20:29 | smartagri_server.app | INFO | <module>:80 | ELEVEN_API_KEY configured: True
2026-03-16 01:20:29 | smartagri_server.app | INFO | <module>:81 | ============================================================
2026-03-16 01:20:29 | smartagri_server.app | INFO | <module>:971 | 
============================================================
2026-03-16 01:20:29 | smartagri_server.app | INFO | <module>:973 | ============================================================
2026-03-16 01:20:29 | smartagri_server.app | INFO | <module>:982 | ============================================================

2026-03-16 01:20:43 | smartagri_server.app | INFO | <module>:76 | ============================================================
2026-03-16 01:20:43 | smartagri_server.app | INFO | <module>:77 | SmartAgri Server Starting...
2026-03-16 01:20:43 | smartagri_server.app | INFO | <module>:78 | GROQ_API_KEY configured: True
2026-03-16 01:20:43 | smartagri_server.app | INFO | <module>:79 | WEATHER_API_KEY configured: True
2026-03-16 01:20:43 | smartagri_server.app | INFO | <module>:80 | ELEVEN_API_KEY configured: True
2026-03-16 01:20:43 | smartagri_server.app | INFO | <module>:81 | ============================================================
2026-03-16 01:20:43 | smartagri_server.app | INFO | <module>:971 | 
============================================================
2026-03-16 01:20:43 | smartagri_server.app | INFO | <module>:973 | ============================================================
2026-03-16 01:20:43 | smartagri_server.app | INFO | <module>:982 | ============================================================

2026-03-16 01:20:44 | smartagri_server.app | INFO | <module>:76 | ============================================================
2026-03-16 01:20:44 | smartagri_server.app | INFO | <module>:77 | SmartAgri Server Starting...
2026-03-16 01:20:44 | smartagri_server.app | INFO | <module>:78 | GROQ_API_KEY configured: True
2026-03-16 01:20:44 | smartagri_server.app | INFO | <module>:79 | WEATHER_API_KEY configured: True
2026-03-16 01:20:44 | smartagri_server.app | INFO | <module>:80 | ELEVEN_API_KEY configured: True
2026-03-16 01:20:44 | smartagri_server.app | INFO | <module>:81 | ============================================================
2026-03-16 01:20:44 | smartagri_server.app | INFO | <module>:971 | 
============================================================
2026-03-16 01:20:44 | smartagri_server.app | INFO | <module>:973 | ============================================================
2026-03-16 01:20:44 | smartagri_server.app | INFO | <module>:982 | ============================================================

2026-03-16 01:20:53 | smartagri.app | INFO | wrapper:135 | [20260316012053722360] /api/analyze_plant - Request received
2026-03-16 01:20:53 | smartagri_server.app | INFO | analyze_plant:592 | Analyzing plant image: testleaf.png
2026-03-16 01:20:56 | smartagri_server.app | INFO | analyze_plant:610 | Kindwise API response status: 201
2026-03-16 01:20:56 | smartagri_server.app | INFO | analyze_plant:630 | Kindwise result keys: ['is_plant', 'disease', 'crop']
2026-03-16 01:20:56 | smartagri_server.app | INFO | analyze_plant:631 | Kindwise suggestions: []
2026-03-16 01:20:56 | smartagri_server.app | INFO | analyze_plant:632 | Kindwise API call successful
2026-03-16 01:20:56 | smartagri_server.app | INFO | analyze_plant:648 | Kindwise full result keys: ['is_plant', 'disease', 'crop']
2026-03-16 01:20:56 | smartagri_server.app | INFO | analyze_plant:649 | Suggestions count: 0
2026-03-16 01:20:56 | smartagri.app | INFO | wrapper:152 | [20260316012053722360] /api/analyze_plant - Completed in 2294.73ms
2026-03-16 01:25:15 | smartagri_server.app | INFO | <module>:76 | ============================================================
2026-03-16 01:25:15 | smartagri_server.app | INFO | <module>:77 | SmartAgri Server Starting...
2026-03-16 01:25:15 | smartagri_server.app | INFO | <module>:78 | GROQ_API_KEY configured: True
2026-03-16 01:25:15 | smartagri_server.app | INFO | <module>:79 | WEATHER_API_KEY configured: True
2026-03-16 01:25:15 | smartagri_server.app | INFO | <module>:80 | ELEVEN_API_KEY configured: True
2026-03-16 01:25:15 | smartagri_server.app | INFO | <module>:81 | ============================================================
2026-03-16 01:25:15 | smartagri_server.app | INFO | <module>:1017 | 
============================================================
2026-03-16 01:25:15 | smartagri_server.app | INFO | <module>:1019 | ============================================================
2026-03-16 01:25:15 | smartagri_server.app | INFO | <module>:1028 | ============================================================

2026-03-16 01:25:16 | smartagri_server.app | INFO | <module>:76 | ============================================================
2026-03-16 01:25:16 | smartagri_server.app | INFO | <module>:77 | SmartAgri Server Starting...
2026-03-16 01:25:16 | smartagri_server.app | INFO | <module>:78 | GROQ_API_KEY configured: True
2026-03-16 01:25:16 | smartagri_server.app | INFO | <module>:79 | WEATHER_API_KEY configured: True
2026-03-16 01:25:16 | smartagri_server.app | INFO | <module>:80 | ELEVEN_API_KEY configured: True
2026-03-16 01:25:16 | smartagri_server.app | INFO | <module>:81 | ============================================================
2026-03-16 01:25:16 | smartagri_server.app | INFO | <module>:1017 | 
============================================================
2026-03-16 01:25:16 | smartagri_server.app | INFO | <module>:1019 | ============================================================
2026-03-16 01:25:16 | smartagri_server.app | INFO | <module>:1028 | ============================================================

2026-03-16 01:25:31 | smartagri.app | INFO | wrapper:135 | [20260316012531716255] /api/analyze_plant - Request received
2026-03-16 01:25:31 | smartagri_server.app | INFO | analyze_plant:592 | Analyzing plant image: testleaf.png
2026-03-16 01:25:34 | smartagri_server.app | INFO | analyze_plant:610 | Kindwise API response status: 201
2026-03-16 01:25:34 | smartagri_server.app | INFO | analyze_plant:630 | Kindwise result keys: ['is_plant', 'disease', 'crop']
2026-03-16 01:25:34 | smartagri_server.app | INFO | analyze_plant:631 | Kindwise suggestions: []
2026-03-16 01:25:34 | smartagri_server.app | INFO | analyze_plant:632 | Kindwise API call successful
2026-03-16 01:25:34 | smartagri_server.app | INFO | analyze_plant:649 | Crop suggestions: 1, Disease data: True
2026-03-16 01:25:34 | smartagri_server.app | INFO | analyze_plant:764 | Plant identified: potato (confidence: 0.99), Healthy: True
2026-03-16 01:25:34 | smartagri.app | INFO | wrapper:152 | [20260316012531716255] /api/analyze_plant - Completed in 2336.98ms
2026-03-16 01:29:23 | smartagri_server.app | INFO | <module>:76 | ============================================================
2026-03-16 01:29:23 | smartagri_server.app | INFO | <module>:77 | SmartAgri Server Starting...
2026-03-16 01:29:23 | smartagri_server.app | INFO | <module>:78 | GROQ_API_KEY configured: True
2026-03-16 01:29:23 | smartagri_server.app | INFO | <module>:79 | WEATHER_API_KEY configured: True
2026-03-16 01:29:23 | smartagri_server.app | INFO | <module>:80 | ELEVEN_API_KEY configured: True
2026-03-16 01:29:23 | smartagri_server.app | INFO | <module>:81 | ============================================================
2026-03-16 01:29:23 | smartagri_server.app | INFO | <module>:1017 | 
============================================================
2026-03-16 01:29:23 | smartagri_server.app | INFO | <module>:1019 | ============================================================
2026-03-16 01:29:23 | smartagri_server.app | INFO | <module>:1028 | ============================================================

2026-03-16 01:29:42 | smartagri_server.app | INFO | <module>:76 | ============================================================
2026-03-16 01:29:42 | smartagri_server.app | INFO | <module>:77 | SmartAgri Server Starting...
2026-03-16 01:29:42 | smartagri_server.app | INFO | <module>:78 | GROQ_API_KEY configured: True
2026-03-16 01:29:42 | smartagri_server.app | INFO | <module>:79 | WEATHER_API_KEY configured: True
2026-03-16 01:29:42 | smartagri_server.app | INFO | <module>:80 | ELEVEN_API_KEY configured: True
2026-03-16 01:29:42 | smartagri_server.app | INFO | <module>:81 | ============================================================
2026-03-16 01:29:43 | smartagri_server.app | INFO | <module>:1017 | 
============================================================
2026-03-16 01:29:43 | smartagri_server.app | INFO | <module>:1019 | ============================================================
2026-03-16 01:29:43 | smartagri_server.app | INFO | <module>:1028 | ============================================================

2026-03-16 01:29:45 | smartagri_server.app | INFO | <module>:76 | ============================================================
2026-03-16 01:29:45 | smartagri_server.app | INFO | <module>:77 | SmartAgri Server Starting...
2026-03-16 01:29:45 | smartagri_server.app | INFO | <module>:78 | GROQ_API_KEY configured: True
2026-03-16 01:29:45 | smartagri_server.app | INFO | <module>:79 | WEATHER_API_KEY configured: True
2026-03-16 01:29:45 | smartagri_server.app | INFO | <module>:80 | ELEVEN_API_KEY configured: True
2026-03-16 01:29:45 | smartagri_server.app | INFO | <module>:81 | ============================================================
2026-03-16 01:29:45 | smartagri_server.app | INFO | <module>:1017 | 
============================================================
2026-03-16 01:29:45 | smartagri_server.app | INFO | <module>:1019 | ============================================================
2026-03-16 01:29:45 | smartagri_server.app | INFO | <module>:1028 | ============================================================

2026-03-16 01:30:04 | smartagri_server.app | INFO | <module>:76 | ============================================================
2026-03-16 01:30:04 | smartagri_server.app | INFO | <module>:77 | SmartAgri Server Starting...
2026-03-16 01:30:04 | smartagri_server.app | INFO | <module>:78 | GROQ_API_KEY configured: True
2026-03-16 01:30:04 | smartagri_server.app | INFO | <module>:79 | WEATHER_API_KEY configured: True
2026-03-16 01:30:04 | smartagri_server.app | INFO | <module>:80 | ELEVEN_API_KEY configured: True
2026-03-16 01:30:04 | smartagri_server.app | INFO | <module>:81 | ============================================================
2026-03-16 01:30:04 | smartagri_server.app | INFO | <module>:1022 | 
============================================================
2026-03-16 01:30:04 | smartagri_server.app | INFO | <module>:1024 | ============================================================
2026-03-16 01:30:04 | smartagri_server.app | INFO | <module>:1033 | ============================================================

2026-03-16 01:30:16 | smartagri.app | INFO | wrapper:135 | [20260316013016155682] /api/analyze_plant - Request received
2026-03-16 01:30:16 | smartagri_server.app | INFO | analyze_plant:592 | Analyzing plant image: testleaf.png
2026-03-16 01:30:19 | smartagri_server.app | INFO | analyze_plant:610 | Kindwise API response status: 201
2026-03-16 01:30:19 | smartagri_server.app | INFO | analyze_plant:630 | Kindwise result keys: ['is_plant', 'disease', 'crop']
2026-03-16 01:30:19 | smartagri_server.app | INFO | analyze_plant:631 | Kindwise suggestions: []
2026-03-16 01:30:19 | smartagri_server.app | INFO | analyze_plant:632 | Kindwise API call successful
2026-03-16 01:30:19 | smartagri_server.app | INFO | analyze_plant:649 | Crop suggestions: 1, Disease data: True
2026-03-16 01:30:19 | smartagri_server.app | INFO | analyze_plant:769 | Plant identified: potato (confidence: 0.99), Healthy: True
2026-03-16 01:30:19 | smartagri.app | INFO | wrapper:152 | [20260316013016155682] /api/analyze_plant - Completed in 3318.39ms
2026-03-16 01:33:44 | smartagri_server.app | INFO | <module>:76 | ============================================================
2026-03-16 01:33:44 | smartagri_server.app | INFO | <module>:77 | SmartAgri Server Starting...
2026-03-16 01:33:44 | smartagri_server.app | INFO | <module>:78 | GROQ_API_KEY configured: True
2026-03-16 01:33:44 | smartagri_server.app | INFO | <module>:79 | WEATHER_API_KEY configured: True
2026-03-16 01:33:44 | smartagri_server.app | INFO | <module>:80 | ELEVEN_API_KEY configured: True
2026-03-16 01:33:44 | smartagri_server.app | INFO | <module>:81 | ============================================================
2026-03-16 01:33:44 | smartagri_server.app | INFO | <module>:1022 | 
============================================================
2026-03-16 01:33:44 | smartagri_server.app | INFO | <module>:1024 | ============================================================
2026-03-16 01:33:44 | smartagri_server.app | INFO | <module>:1033 | ============================================================

2026-03-16 01:33:56 | smartagri_server.app | INFO | <module>:76 | ============================================================
2026-03-16 01:33:56 | smartagri_server.app | INFO | <module>:77 | SmartAgri Server Starting...
2026-03-16 01:33:56 | smartagri_server.app | INFO | <module>:78 | GROQ_API_KEY configured: True
2026-03-16 01:33:56 | smartagri_server.app | INFO | <module>:79 | WEATHER_API_KEY configured: True
2026-03-16 01:33:56 | smartagri_server.app | INFO | <module>:80 | ELEVEN_API_KEY configured: True
2026-03-16 01:33:56 | smartagri_server.app | INFO | <module>:81 | ============================================================
2026-03-16 01:33:56 | smartagri_server.app | INFO | <module>:1022 | 
============================================================
2026-03-16 01:33:56 | smartagri_server.app | INFO | <module>:1024 | ============================================================
2026-03-16 01:33:56 | smartagri_server.app | INFO | <module>:1033 | ============================================================

2026-03-16 01:33:57 | smartagri_server.app | INFO | <module>:76 | ============================================================
2026-03-16 01:33:57 | smartagri_server.app | INFO | <module>:77 | SmartAgri Server Starting...
2026-03-16 01:33:57 | smartagri_server.app | INFO | <module>:78 | GROQ_API_KEY configured: True
2026-03-16 01:33:57 | smartagri_server.app | INFO | <module>:79 | WEATHER_API_KEY configured: True
2026-03-16 01:33:57 | smartagri_server.app | INFO | <module>:80 | ELEVEN_API_KEY configured: True
2026-03-16 01:33:57 | smartagri_server.app | INFO | <module>:81 | ============================================================
2026-03-16 01:33:57 | smartagri_server.app | INFO | <module>:1022 | 
============================================================
2026-03-16 01:33:57 | smartagri_server.app | INFO | <module>:1024 | ============================================================
2026-03-16 01:33:57 | smartagri_server.app | INFO | <module>:1033 | ============================================================

2026-03-16 01:34:04 | smartagri.app | INFO | wrapper:135 | [20260316013404177888] /api/analyze_plant - Request received
2026-03-16 01:34:04 | smartagri_server.app | INFO | analyze_plant:592 | Analyzing plant image: testleaf.png
2026-03-16 01:34:06 | smartagri_server.app | INFO | analyze_plant:610 | Kindwise API response status: 201
2026-03-16 01:34:06 | smartagri_server.app | INFO | analyze_plant:630 | Kindwise result keys: ['is_plant', 'disease', 'crop']
2026-03-16 01:34:06 | smartagri_server.app | INFO | analyze_plant:631 | Kindwise suggestions: []
2026-03-16 01:34:06 | smartagri_server.app | INFO | analyze_plant:632 | Kindwise API call successful
2026-03-16 01:34:06 | smartagri_server.app | INFO | analyze_plant:649 | Crop suggestions: 1, Disease data: True
2026-03-16 01:34:06 | smartagri_server.app | INFO | analyze_plant:769 | Plant identified: potato (confidence: 0.99), Healthy: True
2026-03-16 01:34:06 | smartagri_server.app | INFO | analyze_plant:802 | Response health: is_healthy=True, probability=1.0, diseases=3
2026-03-16 01:34:06 | smartagri.app | INFO | wrapper:152 | [20260316013404177888] /api/analyze_plant - Completed in 2560.21ms
2026-03-16 01:36:08 | smartagri_server.app | INFO | <module>:76 | ============================================================
2026-03-16 01:36:08 | smartagri_server.app | INFO | <module>:77 | SmartAgri Server Starting...
2026-03-16 01:36:08 | smartagri_server.app | INFO | <module>:78 | GROQ_API_KEY configured: True
2026-03-16 01:36:08 | smartagri_server.app | INFO | <module>:79 | WEATHER_API_KEY configured: True
2026-03-16 01:36:08 | smartagri_server.app | INFO | <module>:80 | ELEVEN_API_KEY configured: True
2026-03-16 01:36:08 | smartagri_server.app | INFO | <module>:81 | ============================================================
2026-03-16 01:36:08 | smartagri_server.app | INFO | <module>:1023 | 
============================================================
2026-03-16 01:36:08 | smartagri_server.app | INFO | <module>:1025 | ============================================================
2026-03-16 01:36:08 | smartagri_server.app | INFO | <module>:1034 | ============================================================

2026-03-16 01:36:09 | smartagri_server.app | INFO | <module>:76 | ============================================================
2026-03-16 01:36:09 | smartagri_server.app | INFO | <module>:77 | SmartAgri Server Starting...
2026-03-16 01:36:09 | smartagri_server.app | INFO | <module>:78 | GROQ_API_KEY configured: True
2026-03-16 01:36:09 | smartagri_server.app | INFO | <module>:79 | WEATHER_API_KEY configured: True
2026-03-16 01:36:09 | smartagri_server.app | INFO | <module>:80 | ELEVEN_API_KEY configured: True
2026-03-16 01:36:09 | smartagri_server.app | INFO | <module>:81 | ============================================================
2026-03-16 01:36:09 | smartagri_server.app | INFO | <module>:1023 | 
============================================================
2026-03-16 01:36:09 | smartagri_server.app | INFO | <module>:1025 | ============================================================
2026-03-16 01:36:09 | smartagri_server.app | INFO | <module>:1034 | ============================================================

2026-03-16 01:36:26 | smartagri.app | INFO | wrapper:135 | [20260316013626484441] /api/analyze_plant - Request received
2026-03-16 01:36:26 | smartagri_server.app | INFO | analyze_plant:592 | Analyzing plant image: testleaf.png
2026-03-16 01:36:28 | smartagri_server.app | INFO | analyze_plant:610 | Kindwise API response status: 201
2026-03-16 01:36:28 | smartagri_server.app | INFO | analyze_plant:630 | Kindwise result keys: ['is_plant', 'disease', 'crop']
2026-03-16 01:36:28 | smartagri_server.app | INFO | analyze_plant:631 | Kindwise suggestions: []
2026-03-16 01:36:28 | smartagri_server.app | INFO | analyze_plant:632 | Kindwise API call successful
2026-03-16 01:36:28 | smartagri_server.app | INFO | analyze_plant:649 | Crop suggestions: 1, Disease data: True
2026-03-16 01:36:28 | smartagri_server.app | INFO | analyze_plant:666 | disease_suggestions_check: [{'id': 'f22fbc7e877b750d', 'name': 'nutrient deficiency', 'probability': 0.585, 'similar_images': [{'id': '5a6d2c3aad72bdce0b1ff03c36f57117f5d68be6', 'url': 'https://crop-health.ams3.cdn.digitaloceanspaces.com/similar_images/1/5a6/d2c3aad72bdce0b1ff03c36f57117f5d68be6.jpg', 'license_name': 'CC BY-NC-SA 4.0', 'license_url': 'https://creativecommons.org/licenses/by-nc-sa/4.0/', 'citation': 'FlowerChecker s.r.o.', 'similarity': 0.622, 'url_small': 'https://crop-health.ams3.cdn.digitaloceanspaces.com/similar_images/1/5a6/d2c3aad72bdce0b1ff03c36f57117f5d68be6.small.jpg'}, {'id': '7f12fe162f2706f5e9f23fea4a5050e654118e1a', 'url': 'https://crop-health.ams3.cdn.digitaloceanspaces.com/similar_images/1/7f1/2fe162f2706f5e9f23fea4a5050e654118e1a.jpg', 'license_name': 'CC BY-NC-SA 4.0', 'license_url': 'https://creativecommons.org/licenses/by-nc-sa/4.0/', 'citation': 'FlowerChecker s.r.o.', 'similarity': 0.529, 'url_small': 'https://crop-health.ams3.cdn.digitaloceanspaces.com/similar_images/1/7f1/2fe162f2706f5e9f23fea4a5050e654118e1a.small.jpg'}], 'details': {'language': 'en', 'entity_id': 'f22fbc7e877b750d'}, 'scientific_name': 'nutrient deficiency'}, {'id': '68b08da8db41ac47', 'name': 'Alternaria brown spot', 'probability': 0.1876, 'similar_images': [{'id': '296d797fd55f97614ebd3d891f907b8b644e60a9', 'url': 'https://crop-health.ams3.cdn.digitaloceanspaces.com/similar_images/1/296/d797fd55f97614ebd3d891f907b8b644e60a9.jpeg', 'license_name': 'CC0', 'license_url': 'https://creativecommons.org/publicdomain/zero/1.0/', 'citation': 'Jay L. Keller', 'similarity': 0.604, 'url_small': 'https://crop-health.ams3.cdn.digitaloceanspaces.com/similar_images/1/296/d797fd55f97614ebd3d891f907b8b644e60a9.small.jpeg'}, {'id': '7f3336c70cfa6d36f16a17a5e026775f321ac0f2', 'url': 'https://crop-health.ams3.cdn.digitaloceanspaces.com/similar_images/1/7f3/336c70cfa6d36f16a17a5e026775f321ac0f2.jpg', 'license_name': 'CC BY-NC-SA 4.0', 'license_url': 'https://creativecommons.org/licenses/by-nc-sa/4.0/', 'citation': 'FlowerChecker s.r.o.', 'similarity': 0.558, 'url_small': 'https://crop-health.ams3.cdn.digitaloceanspaces.com/similar_images/1/7f3/336c70cfa6d36f16a17a5e026775f321ac0f2.small.jpg'}], 'details': {'language': 'en', 'entity_id': '68b08da8db41ac47'}, 'scientific_name': 'Alternaria alternata'}, {'id': 'b9ec757fefb92520', 'name': 'late blight', 'probability': 0.1692, 'similar_images': [{'id': '75f949846b1ca5a945ce91d0a6d492b5d3b17da6', 'url': 'https://crop-health.ams3.cdn.digitaloceanspaces.com/similar_images/1/75f/949846b1ca5a945ce91d0a6d492b5d3b17da6.jpeg', 'license_name': 'CC BY-SA 4.0', 'license_url': 'https://creativecommons.org/licenses/by-sa/4.0/', 'citation': 'G P Croucher', 'similarity': 0.648, 'url_small': 'https://crop-health.ams3.cdn.digitaloceanspaces.com/similar_images/1/75f/949846b1ca5a945ce91d0a6d492b5d3b17da6.small.jpeg'}, {'id': '7a4f333a4d8a534db2b0e463f803f6ed8a932c35', 'url': 'https://crop-health.ams3.cdn.digitaloceanspaces.com/similar_images/1/7a4/f333a4d8a534db2b0e463f803f6ed8a932c35.jpg', 'license_name': 'CC BY 3.0', 'license_url': 'https://creativecommons.org/licenses/by/3.0/', 'citation': 'Dr. Parthasarathy Seethapathy, Amrita School of Agricultural Sciences', 'similarity': 0.624, 'url_small': 'https://crop-health.ams3.cdn.digitaloceanspaces.com/similar_images/1/7a4/f333a4d8a534db2b0e463f803f6ed8a932c35.small.jpg'}], 'details': {'language': 'en', 'entity_id': 'b9ec757fefb92520'}, 'scientific_name': 'Phytophthora infestans'}, {'id': 'c35556c0c67c0591', 'name': 'healthy', 'probability': 0.0161, 'similar_images': [{'id': '569171966c71003b05197e99fe3d42e0f653fb90', 'url': 'https://crop-health.ams3.cdn.digitaloceanspaces.com/similar_images/1/569/171966c71003b05197e99fe3d42e0f653fb90.jpeg', 'license_name': 'CC0', 'license_url': 'https://creativecommons.org/publicdomain/zero/1.0/', 'citation': 'Rebecal Armugam', 'similarity': 0.496, 'url_small': 'https://crop-health.ams3.cdn.digitaloceanspaces.com/similar_images/1/569/171966c71003b05197e99fe3d42e0f653fb90.small.jpeg'}, {'id': 'c354e28ebdc267032abb6f27c516fc1c0777d90c', 'url': 'https://crop-health.ams3.cdn.digitaloceanspaces.com/similar_images/1/c35/4e28ebdc267032abb6f27c516fc1c0777d90c.jpeg', 'license_name': 'CC0', 'license_url': 'https://creativecommons.org/publicdomain/zero/1.0/', 'citation': 'Alexandre Carrier', 'similarity': 0.479, 'url_small': 'https://crop-health.ams3.cdn.digitaloceanspaces.com/similar_images/1/c35/4e28ebdc267032abb6f27c516fc1c0777d90c.small.jpeg'}], 'details': {'language': 'en', 'entity_id': 'c35556c0c67c0591'}, 'scientific_name': 'healthy'}, {'id': 'a9bf74348b28ad62', 'name': 'early blight', 'probability': 0.0124, 'similar_images': [{'id': '1448783ceb3a1682cac720d04069d89452cfb491', 'url': 'https://crop-health.ams3.cdn.digitaloceanspaces.com/similar_images/1/144/8783ceb3a1682cac720d04069d89452cfb491.jpeg', 'license_name': 'CC BY 3.0', 'license_url': 'https://creativecommons.org/licenses/by/3.0/', 'citation': 'Michele Jones', 'similarity': 0.615, 'url_small': 'https://crop-health.ams3.cdn.digitaloceanspaces.com/similar_images/1/144/8783ceb3a1682cac720d04069d89452cfb491.small.jpeg'}, {'id': '4f45ecd4fcd1d795aa6daa1a37db95878135f67b', 'url': 'https://crop-health.ams3.cdn.digitaloceanspaces.com/similar_images/1/4f4/5ecd4fcd1d795aa6daa1a37db95878135f67b.jpg', 'license_name': 'CC BY 3.0', 'license_url': 'https://creativecommons.org/licenses/by/3.0/', 'citation': 'Howard F. Schwartz, Colorado State University', 'similarity': 0.547, 'url_small': 'https://crop-health.ams3.cdn.digitaloceanspaces.com/similar_images/1/4f4/5ecd4fcd1d795aa6daa1a37db95878135f67b.small.jpg'}], 'details': {'language': 'en', 'entity_id': 'a9bf74348b28ad62'}, 'scientific_name': 'Alternaria solani'}]
2026-03-16 01:36:28 | smartagri_server.app | INFO | analyze_plant:667 | full disease data: {'suggestions': [{'id': 'f22fbc7e877b750d', 'name': 'nutrient deficiency', 'probability': 0.585, 'similar_images': [{'id': '5a6d2c3aad72bdce0b1ff03c36f57117f5d68be6', 'url': 'https://crop-health.ams3.cdn.digitaloceanspaces.com/similar_images/1/5a6/d2c3aad72bdce0b1ff03c36f57117f5d68be6.jpg', 'license_name': 'CC BY-NC-SA 4.0', 'license_url': 'https://creativecommons.org/licenses/by-nc-sa/4.0/', 'citation': 'FlowerChecker s.r.o.', 'similarity': 0.622, 'url_small': 'https://crop-health.ams3.cdn.digitaloceanspaces.com/similar_images/1/5a6/d2c3aad72bdce0b1ff03c36f57117f5d68be6.small.jpg'}, {'id': '7f12fe162f2706f5e9f23fea4a5050e654118e1a', 'url': 'https://crop-health.ams3.cdn.digitaloceanspaces.com/similar_images/1/7f1/2fe162f2706f5e9f23fea4a5050e654118e1a.jpg', 'license_name': 'CC BY-NC-SA 4.0', 'license_url': 'https://creativecommons.org/licenses/by-nc-sa/4.0/', 'citation': 'FlowerChecker s.r.o.', 'similarity': 0.529, 'url_small': 'https://crop-health.ams3.cdn.digitaloceanspaces.com/similar_images/1/7f1/2fe162f2706f5e9f23fea4a5050e654118e1a.small.jpg'}], 'details': {'language': 'en', 'entity_id': 'f22fbc7e877b750d'}, 'scientific_name': 'nutrient deficiency'}, {'id': '68b08da8db41ac47', 'name': 'Alternaria brown spot', 'probability': 0.1876, 'similar_images': [{'id': '296d797fd55f97614ebd3d891f907b8b644e60a9', 'url': 'https://crop-health.ams3.cdn.digitaloceanspaces.com/similar_images/1/296/d797fd55f97614ebd3d891f907b8b644e60a9.jpeg', 'license_name': 'CC0', 'license_url': 'https://creativecommons.org/publicdomain/zero/1.0/', 'citation': 'Jay L. Keller', 'similarity': 0.604, 'url_small': 'https://crop-health.ams3.cdn.digitaloceanspaces.com/similar_images/1/296/d797fd55f97614ebd3d891f907b8b644e60a9.small.jpeg'}, {'id': '7f3336c70cfa6d36f16a17a5e026775f321ac0f2', 'url': 'https://crop-health.ams3.cdn.digitaloceanspaces.com/similar_images/1/7f3/336c70cfa6d36f16a17a5e026775f321ac0f2.jpg', 'license_name': 'CC BY-NC-SA 4.0', 'license_url': 'https://creativecommons.org/licenses/by-nc-sa/4.0/', 'citation': 'FlowerChecker s.r.o.', 'similarity': 0.558, 'url_small': 'https://crop-health.ams3.cdn.digitaloceanspaces.com/similar_images/1/7f3/336c70cfa6d36f16a17a5e026775f321ac0f2.small.jpg'}], 'details': {'language': 'en', 'entity_id': '68b08da8db41ac47'}, 'scientific_name': 'Alternaria alternata'}, {'id': 'b9ec757fefb92520', 'name': 'late blight', 'probability': 0.1692, 'similar_images': [{'id': '75f949846b1ca5a945ce91d0a6d492b5d3b17da6', 'url': 'https://crop-health.ams3.cdn.digitaloceanspaces.com/similar_images/1/75f/949846b1ca5a945ce91d0a6d492b5d3b17da6.jpeg', 'license_name': 'CC BY-SA 4.0', 'license_url': 'https://creativecommons.org/licenses/by-sa/4.0/', 'citation': 'G P Croucher', 'similarity': 0.648, 'url_small': 'https://crop-health.ams3.cdn.digitaloceanspaces.com/similar_images/1/75f/949846b1ca5a945ce91d0a6d492b5d3b17da6.small.jpeg'}, {'id': '7a4f333a4d8a534db2b0e463f803f6ed8a932c35', 'url': 'https://crop-health.ams3.cdn.digitaloceanspaces.com/similar_images/1/7a4/f333a4d8a534db2b0e463f803f6ed8a932c35.jpg', 'license_name': 'CC BY 3.0', 'license_url': 'https://creativecommons.org/licenses/by/3.0/', 'citation': 'Dr. Parthasarathy Seethapathy, Amrita School of Agricultural Sciences', 'similarity': 0.624, 'url_small': 'https://crop-health.ams3.cdn.digitaloceanspaces.com/similar_images/1/7a4/f333a4d8a534db2b0e463f803f6ed8a932c35.small.jpg'}], 'details': {'language': 'en', 'entity_id': 'b9ec757fefb92520'}, 'scientific_name': 'Phytophthora infestans'}, {'id': 'c35556c0c67c0591', 'name': 'healthy', 'probability': 0.0161, 'similar_images': [{'id': '569171966c71003b05197e99fe3d42e0f653fb90', 'url': 'https://crop-health.ams3.cdn.digitaloceanspaces.com/similar_images/1/569/171966c71003b05197e99fe3d42e0f653fb90.jpeg', 'license_name': 'CC0', 'license_url': 'https://creativecommons.org/publicdomain/zero/1.0/', 'citation': 'Rebecal Armugam', 'similarity': 0.496, 'url_small': 'https://crop-health.ams3.cdn.digitaloceanspaces.com/similar_images/1/569/171966c71003b05197e99fe3d42e0f653fb90.small.jpeg'}, {'id': 'c354e28ebdc267032abb6f27c516fc1c0777d90c', 'url': 'https://crop-health.ams3.cdn.digitaloceanspaces.com/similar_images/1/c35/4e28ebdc267032abb6f27c516fc1c0777d90c.jpeg', 'license_name': 'CC0', 'license_url': 'https://creativecommons.org/publicdomain/zero/1.0/', 'citation': 'Alexandre Carrier', 'similarity': 0.479, 'url_small': 'https://crop-health.ams3.cdn.digitaloceanspaces.com/similar_images/1/c35/4e28ebdc267032abb6f27c516fc1c0777d90c.small.jpeg'}], 'details': {'language': 'en', 'entity_id': 'c35556c0c67c0591'}, 'scientific_name': 'healthy'}, {'id': 'a9bf74348b28ad62', 'name': 'early blight', 'probability': 0.0124, 'similar_images': [{'id': '1448783ceb3a1682cac720d04069d89452cfb491', 'url': 'https://crop-health.ams3.cdn.digitaloceanspaces.com/similar_images/1/144/8783ceb3a1682cac720d04069d89452cfb491.jpeg', 'license_name': 'CC BY 3.0', 'license_url': 'https://creativecommons.org/licenses/by/3.0/', 'citation': 'Michele Jones', 'similarity': 0.615, 'url_small': 'https://crop-health.ams3.cdn.digitaloceanspaces.com/similar_images/1/144/8783ceb3a1682cac720d04069d89452cfb491.small.jpeg'}, {'id': '4f45ecd4fcd1d795aa6daa1a37db95878135f67b', 'url': 'https://crop-health.ams3.cdn.digitaloceanspaces.com/similar_images/1/4f4/5ecd4fcd1d795aa6daa1a37db95878135f67b.jpg', 'license_name': 'CC BY 3.0', 'license_url': 'https://creativecommons.org/licenses/by/3.0/', 'citation': 'Howard F. Schwartz, Colorado State University', 'similarity': 0.547, 'url_small': 'https://crop-health.ams3.cdn.digitaloceanspaces.com/similar_images/1/4f4/5ecd4fcd1d795aa6daa1a37db95878135f67b.small.jpg'}], 'details': {'language': 'en', 'entity_id': 'a9bf74348b28ad62'}, 'scientific_name': 'Alternaria solani'}]}
2026-03-16 01:36:28 | smartagri_server.app | INFO | analyze_plant:770 | Plant identified: potato (confidence: 0.99), Healthy: True
2026-03-16 01:36:28 | smartagri_server.app | INFO | analyze_plant:803 | Response health: is_healthy=True, probability=1.0, diseases=3
2026-03-16 01:36:28 | smartagri.app | INFO | wrapper:152 | [20260316013626484441] /api/analyze_plant - Completed in 2209.18ms
2026-03-16 01:38:16 | smartagri_server.app | INFO | <module>:76 | ============================================================
2026-03-16 01:38:16 | smartagri_server.app | INFO | <module>:77 | SmartAgri Server Starting...
2026-03-16 01:38:16 | smartagri_server.app | INFO | <module>:78 | GROQ_API_KEY configured: True
2026-03-16 01:38:16 | smartagri_server.app | INFO | <module>:79 | WEATHER_API_KEY configured: True
2026-03-16 01:38:16 | smartagri_server.app | INFO | <module>:80 | ELEVEN_API_KEY configured: True
2026-03-16 01:38:16 | smartagri_server.app | INFO | <module>:81 | ============================================================
2026-03-16 01:38:16 | smartagri_server.app | INFO | <module>:1009 | 
============================================================
2026-03-16 01:38:16 | smartagri_server.app | INFO | <module>:1011 | ============================================================
2026-03-16 01:38:16 | smartagri_server.app | INFO | <module>:1020 | ============================================================

2026-03-16 01:39:24 | smartagri_server.app | INFO | <module>:76 | ============================================================
2026-03-16 01:39:24 | smartagri_server.app | INFO | <module>:77 | SmartAgri Server Starting...
2026-03-16 01:39:24 | smartagri_server.app | INFO | <module>:78 | GROQ_API_KEY configured: True
2026-03-16 01:39:24 | smartagri_server.app | INFO | <module>:79 | WEATHER_API_KEY configured: True
2026-03-16 01:39:24 | smartagri_server.app | INFO | <module>:80 | ELEVEN_API_KEY configured: True
2026-03-16 01:39:24 | smartagri_server.app | INFO | <module>:81 | ============================================================
2026-03-16 01:39:24 | smartagri_server.app | INFO | <module>:975 | 
============================================================
2026-03-16 01:39:24 | smartagri_server.app | INFO | <module>:977 | ============================================================
2026-03-16 01:39:24 | smartagri_server.app | INFO | <module>:986 | ============================================================

2026-03-16 01:41:19 | smartagri_server.app | INFO | <module>:76 | ============================================================
2026-03-16 01:41:19 | smartagri_server.app | INFO | <module>:77 | SmartAgri Server Starting...
2026-03-16 01:41:19 | smartagri_server.app | INFO | <module>:78 | GROQ_API_KEY configured: True
2026-03-16 01:41:19 | smartagri_server.app | INFO | <module>:79 | WEATHER_API_KEY configured: True
2026-03-16 01:41:19 | smartagri_server.app | INFO | <module>:80 | ELEVEN_API_KEY configured: True
2026-03-16 01:41:19 | smartagri_server.app | INFO | <module>:81 | ============================================================
2026-03-16 01:41:19 | smartagri_server.app | INFO | <module>:975 | 
============================================================
2026-03-16 01:41:19 | smartagri_server.app | INFO | <module>:977 | ============================================================
2026-03-16 01:41:19 | smartagri_server.app | INFO | <module>:986 | ============================================================

2026-03-16 01:41:20 | smartagri_server.app | INFO | <module>:76 | ============================================================
2026-03-16 01:41:20 | smartagri_server.app | INFO | <module>:77 | SmartAgri Server Starting...
2026-03-16 01:41:20 | smartagri_server.app | INFO | <module>:78 | GROQ_API_KEY configured: True
2026-03-16 01:41:20 | smartagri_server.app | INFO | <module>:79 | WEATHER_API_KEY configured: True
2026-03-16 01:41:20 | smartagri_server.app | INFO | <module>:80 | ELEVEN_API_KEY configured: True
2026-03-16 01:41:20 | smartagri_server.app | INFO | <module>:81 | ============================================================
2026-03-16 01:41:20 | smartagri_server.app | INFO | <module>:975 | 
============================================================
2026-03-16 01:41:20 | smartagri_server.app | INFO | <module>:977 | ============================================================
2026-03-16 01:41:20 | smartagri_server.app | INFO | <module>:986 | ============================================================

2026-03-16 01:41:35 | smartagri_server.app | INFO | <module>:76 | ============================================================
2026-03-16 01:41:35 | smartagri_server.app | INFO | <module>:77 | SmartAgri Server Starting...
2026-03-16 01:41:35 | smartagri_server.app | INFO | <module>:78 | GROQ_API_KEY configured: True
2026-03-16 01:41:35 | smartagri_server.app | INFO | <module>:79 | WEATHER_API_KEY configured: True
2026-03-16 01:41:35 | smartagri_server.app | INFO | <module>:80 | ELEVEN_API_KEY configured: True
2026-03-16 01:41:35 | smartagri_server.app | INFO | <module>:81 | ============================================================
2026-03-16 01:41:35 | smartagri_server.app | INFO | <module>:975 | 
============================================================
2026-03-16 01:41:35 | smartagri_server.app | INFO | <module>:977 | ============================================================
2026-03-16 01:41:35 | smartagri_server.app | INFO | <module>:986 | ============================================================

2026-03-16 01:41:42 | smartagri_server.app | INFO | <module>:76 | ============================================================
2026-03-16 01:41:42 | smartagri_server.app | INFO | <module>:77 | SmartAgri Server Starting...
2026-03-16 01:41:42 | smartagri_server.app | INFO | <module>:78 | GROQ_API_KEY configured: True
2026-03-16 01:41:42 | smartagri_server.app | INFO | <module>:79 | WEATHER_API_KEY configured: True
2026-03-16 01:41:42 | smartagri_server.app | INFO | <module>:80 | ELEVEN_API_KEY configured: True
2026-03-16 01:41:42 | smartagri_server.app | INFO | <module>:81 | ============================================================
2026-03-16 01:41:42 | smartagri_server.app | INFO | <module>:975 | 
============================================================
2026-03-16 01:41:42 | smartagri_server.app | INFO | <module>:977 | ============================================================
2026-03-16 01:41:42 | smartagri_server.app | INFO | <module>:986 | ============================================================

2026-03-16 01:41:43 | smartagri_server.app | INFO | <module>:76 | ============================================================
2026-03-16 01:41:43 | smartagri_server.app | INFO | <module>:77 | SmartAgri Server Starting...
2026-03-16 01:41:43 | smartagri_server.app | INFO | <module>:78 | GROQ_API_KEY configured: True
2026-03-16 01:41:43 | smartagri_server.app | INFO | <module>:79 | WEATHER_API_KEY configured: True
2026-03-16 01:41:43 | smartagri_server.app | INFO | <module>:80 | ELEVEN_API_KEY configured: True
2026-03-16 01:41:43 | smartagri_server.app | INFO | <module>:81 | ============================================================
2026-03-16 01:41:43 | smartagri_server.app | INFO | <module>:975 | 
============================================================
2026-03-16 01:41:43 | smartagri_server.app | INFO | <module>:977 | ============================================================
2026-03-16 01:41:43 | smartagri_server.app | INFO | <module>:986 | ============================================================

2026-03-16 01:41:58 | smartagri.app | INFO | wrapper:135 | [20260316014158584413] /api/analyze_plant - Request received
2026-03-16 01:41:58 | smartagri_server.app | INFO | analyze_plant:592 | Analyzing plant image: testleaf.png
2026-03-16 01:42:00 | smartagri_server.app | INFO | analyze_plant:610 | Kindwise API response status: 201
2026-03-16 01:42:00 | smartagri_server.app | INFO | analyze_plant:630 | Kindwise result keys: ['is_plant', 'disease', 'crop']
2026-03-16 01:42:00 | smartagri_server.app | INFO | analyze_plant:631 | Kindwise suggestions: []
2026-03-16 01:42:00 | smartagri_server.app | INFO | analyze_plant:632 | Kindwise API call successful
2026-03-16 01:42:00 | smartagri_server.app | INFO | analyze_plant:649 | Crop suggestions: 1, Disease data: True
2026-03-16 01:42:00 | smartagri_server.app | INFO | analyze_plant:722 | Plant identified: potato (confidence: 0.99), Healthy: False
2026-03-16 01:42:00 | smartagri_server.app | INFO | analyze_plant:755 | Response health: is_healthy=False, probability=0.42, diseases=3
2026-03-16 01:42:00 | smartagri.app | INFO | wrapper:152 | [20260316014158584413] /api/analyze_plant - Completed in 2132.59ms
2026-03-16 01:46:01 | smartagri_server.app | INFO | <module>:76 | ============================================================
2026-03-16 01:46:01 | smartagri_server.app | INFO | <module>:77 | SmartAgri Server Starting...
2026-03-16 01:46:01 | smartagri_server.app | INFO | <module>:78 | GROQ_API_KEY configured: True
2026-03-16 01:46:01 | smartagri_server.app | INFO | <module>:79 | WEATHER_API_KEY configured: True
2026-03-16 01:46:01 | smartagri_server.app | INFO | <module>:80 | ELEVEN_API_KEY configured: True
2026-03-16 01:46:01 | smartagri_server.app | INFO | <module>:81 | ============================================================
2026-03-16 01:46:01 | smartagri_server.app | INFO | <module>:975 | 
============================================================
2026-03-16 01:46:01 | smartagri_server.app | INFO | <module>:977 | ============================================================
2026-03-16 01:46:01 | smartagri_server.app | INFO | <module>:986 | ============================================================

2026-03-16 01:51:05 | smartagri_server.app | INFO | <module>:76 | ============================================================
2026-03-16 01:51:05 | smartagri_server.app | INFO | <module>:77 | SmartAgri Server Starting...
2026-03-16 01:51:05 | smartagri_server.app | INFO | <module>:78 | GROQ_API_KEY configured: True
2026-03-16 01:51:05 | smartagri_server.app | INFO | <module>:79 | WEATHER_API_KEY configured: True
2026-03-16 01:51:05 | smartagri_server.app | INFO | <module>:80 | ELEVEN_API_KEY configured: True
2026-03-16 01:51:05 | smartagri_server.app | INFO | <module>:81 | ============================================================
2026-03-16 01:51:05 | smartagri_server.app | INFO | <module>:975 | 
============================================================
2026-03-16 01:51:05 | smartagri_server.app | INFO | <module>:977 | ============================================================
2026-03-16 01:51:05 | smartagri_server.app | INFO | <module>:986 | ============================================================

2026-03-16 01:51:06 | smartagri_server.app | INFO | <module>:76 | ============================================================
2026-03-16 01:51:06 | smartagri_server.app | INFO | <module>:77 | SmartAgri Server Starting...
2026-03-16 01:51:06 | smartagri_server.app | INFO | <module>:78 | GROQ_API_KEY configured: True
2026-03-16 01:51:06 | smartagri_server.app | INFO | <module>:79 | WEATHER_API_KEY configured: True
2026-03-16 01:51:06 | smartagri_server.app | INFO | <module>:80 | ELEVEN_API_KEY configured: True
2026-03-16 01:51:06 | smartagri_server.app | INFO | <module>:81 | ============================================================
2026-03-16 01:51:06 | smartagri_server.app | INFO | <module>:975 | 
============================================================
2026-03-16 01:51:06 | smartagri_server.app | INFO | <module>:977 | ============================================================
2026-03-16 01:51:06 | smartagri_server.app | INFO | <module>:986 | ============================================================

2026-03-16 01:53:49 | smartagri.app | INFO | wrapper:135 | [20260316015349261529] /api/chat - Request received
2026-03-16 01:53:49 | smartagri_server.app | INFO | chat:355 | Chat request: hi... (lang: hi)
2026-03-16 01:53:49 | smartagri.app | INFO | wrapper:152 | [20260316015349261529] /api/chat - Completed in 0.91ms
2026-03-16 01:53:58 | smartagri.app | INFO | wrapper:135 | [20260316015358477981] /api/chat - Request received
2026-03-16 01:53:58 | smartagri_server.app | INFO | chat:355 | Chat request: good... (lang: bn)
2026-03-16 01:53:58 | smartagri.app | INFO | wrapper:152 | [20260316015358477981] /api/chat - Completed in 0.68ms
2026-03-16 01:54:02 | smartagri.app | INFO | wrapper:135 | [20260316015402212597] /api/tts - Request received
2026-03-16 01:54:02 | smartagri_server.app | INFO | text_to_speech:454 | TTS request received | lang: bn
2026-03-16 01:54:04 | smartagri_server.app | INFO | text_to_speech:495 | Sarvam API response status: 200
2026-03-16 01:54:04 | smartagri.app | INFO | wrapper:152 | [20260316015402212597] /api/tts - Completed in 1999.73ms
2026-03-16 01:59:35 | smartagri_server.app | INFO | <module>:76 | ============================================================
2026-03-16 01:59:35 | smartagri_server.app | INFO | <module>:77 | SmartAgri Server Starting...
2026-03-16 01:59:35 | smartagri_server.app | INFO | <module>:78 | GROQ_API_KEY configured: True
2026-03-16 01:59:35 | smartagri_server.app | INFO | <module>:79 | WEATHER_API_KEY configured: True
2026-03-16 01:59:35 | smartagri_server.app | INFO | <module>:80 | ELEVEN_API_KEY configured: True
2026-03-16 01:59:35 | smartagri_server.app | INFO | <module>:81 | ============================================================
2026-03-16 01:59:35 | smartagri_server.app | INFO | <module>:975 | 
============================================================
2026-03-16 01:59:35 | smartagri_server.app | INFO | <module>:977 | ============================================================
2026-03-16 01:59:35 | smartagri_server.app | INFO | <module>:986 | ============================================================

2026-03-16 11:15:46 | smartagri_server.app | INFO | <module>:76 | ============================================================
2026-03-16 11:15:46 | smartagri_server.app | INFO | <module>:77 | SmartAgri Server Starting...
2026-03-16 11:15:46 | smartagri_server.app | INFO | <module>:78 | GROQ_API_KEY configured: True
2026-03-16 11:15:46 | smartagri_server.app | INFO | <module>:79 | WEATHER_API_KEY configured: True
2026-03-16 11:15:46 | smartagri_server.app | INFO | <module>:80 | ELEVEN_API_KEY configured: True
2026-03-16 11:15:46 | smartagri_server.app | INFO | <module>:81 | ============================================================
2026-03-16 11:15:47 | smartagri_server.app | INFO | <module>:975 | 
============================================================
2026-03-16 11:15:47 | smartagri_server.app | INFO | <module>:977 | ============================================================
2026-03-16 11:15:47 | smartagri_server.app | INFO | <module>:986 | ============================================================

2026-03-16 11:15:48 | smartagri_server.app | INFO | <module>:76 | ============================================================
2026-03-16 11:15:48 | smartagri_server.app | INFO | <module>:77 | SmartAgri Server Starting...
2026-03-16 11:15:48 | smartagri_server.app | INFO | <module>:78 | GROQ_API_KEY configured: True
2026-03-16 11:15:48 | smartagri_server.app | INFO | <module>:79 | WEATHER_API_KEY configured: True
2026-03-16 11:15:48 | smartagri_server.app | INFO | <module>:80 | ELEVEN_API_KEY configured: True
2026-03-16 11:15:48 | smartagri_server.app | INFO | <module>:81 | ============================================================
2026-03-16 11:15:48 | smartagri_server.app | INFO | <module>:975 | 
============================================================
2026-03-16 11:15:48 | smartagri_server.app | INFO | <module>:977 | ============================================================
2026-03-16 11:15:48 | smartagri_server.app | INFO | <module>:986 | ============================================================

2026-03-16 11:18:02 | smartagri.app | INFO | wrapper:135 | [20260316111802987013] /api/chat - Request received
2026-03-16 11:18:02 | smartagri_server.app | INFO | chat:355 | Chat request: hii... (lang: en)
2026-03-16 11:18:02 | smartagri.app | INFO | wrapper:152 | [20260316111802987013] /api/chat - Completed in 1.4ms
2026-03-16 11:18:09 | smartagri.app | INFO | wrapper:135 | [20260316111809827033] /api/tts - Request received
2026-03-16 11:18:09 | smartagri_server.app | INFO | text_to_speech:454 | TTS request received | lang: en
2026-03-16 11:18:13 | smartagri_server.app | INFO | text_to_speech:537 | ElevenLabs API response status: 200
2026-03-16 11:18:13 | smartagri.app | INFO | wrapper:152 | [20260316111809827033] /api/tts - Completed in 3747.31ms
2026-03-16 11:18:25 | smartagri.app | INFO | wrapper:135 | [20260316111825972954] /api/chat - Request received
2026-03-16 11:18:25 | smartagri_server.app | INFO | chat:355 | Chat request: hii... (lang: bn)
2026-03-16 11:18:25 | smartagri.app | INFO | wrapper:152 | [20260316111825972954] /api/chat - Completed in 0.0ms
2026-03-16 11:18:30 | smartagri.app | INFO | wrapper:135 | [20260316111830204366] /api/tts - Request received
2026-03-16 11:18:30 | smartagri_server.app | INFO | text_to_speech:454 | TTS request received | lang: bn
2026-03-16 11:18:33 | smartagri_server.app | INFO | text_to_speech:495 | Sarvam API response status: 200
2026-03-16 11:18:33 | smartagri.app | INFO | wrapper:152 | [20260316111830204366] /api/tts - Completed in 3448.34ms
2026-03-16 11:18:54 | smartagri.app | INFO | wrapper:135 | [20260316111854111277] /api/analyze_plant - Request received
2026-03-16 11:18:54 | smartagri_server.app | INFO | analyze_plant:592 | Analyzing plant image: testleaf.png
2026-03-16 11:19:00 | smartagri_server.app | INFO | analyze_plant:610 | Kindwise API response status: 201
2026-03-16 11:19:00 | smartagri_server.app | INFO | analyze_plant:630 | Kindwise result keys: ['is_plant', 'disease', 'crop']
2026-03-16 11:19:00 | smartagri_server.app | INFO | analyze_plant:631 | Kindwise suggestions: []
2026-03-16 11:19:00 | smartagri_server.app | INFO | analyze_plant:632 | Kindwise API call successful
2026-03-16 11:19:00 | smartagri_server.app | INFO | analyze_plant:649 | Crop suggestions: 1, Disease data: True
2026-03-16 11:19:00 | smartagri_server.app | INFO | analyze_plant:722 | Plant identified: potato (confidence: 0.99), Healthy: False
2026-03-16 11:19:00 | smartagri_server.app | INFO | analyze_plant:755 | Response health: is_healthy=False, probability=0.42, diseases=3
2026-03-16 11:19:00 | smartagri.app | INFO | wrapper:152 | [20260316111854111277] /api/analyze_plant - Completed in 6224.79ms
